userId,total_time,study_count
3,0.48333333333333334,7
5,200.91666666666666,193
13,257.75,244
14,91.78333333333333,110
16,815.8333333333334,803
18,0.0,2
21,1620.0,1043
22,9.616666666666667,13
24,6.383333333333333,10
98,619.9166666666666,811
129,153.63333333333333,169
153,111.43333333333334,131
404,10.35,15
581,137.23333333333332,157
704,15.299999999999999,22
705,1.0333333333333334,3
877,1111.1,1333
1057,35.4,49
1089,25.75,32
1119,39.016666666666666,54
1168,2808.7,2924
1192,673.8166666666666,724
1272,287.8333333333333,193
1316,1.9166666666666665,9
1385,2415.9166666666665,2559
1533,6.2,22
1904,5449.066666666667,7003
2094,351.68333333333334,418
2191,0.0,1
2200,1191.4166666666667,1606
2508,89.25,79
2760,0.09999999999999999,12
2939,78.36666666666667,80
2943,2887.1666666666665,3454
2946,381.8833333333333,485
3018,2906.7,3484
3082,39.33333333333333,60
3214,2655.983333333333,2524
3566,73.26666666666667,89
3923,171.18333333333334,150
4292,72.61666666666666,84
4571,172.18333333333334,175
4764,68.28333333333333,138
4796,237.56666666666666,205
4913,8012.516666666666,10569
5053,0.0,1
5089,233.08333333333334,355
5183,18040.233333333334,29031
5376,2.8833333333333333,16
5626,1017.6333333333333,1118
5709,14.0,14
6035,152.73333333333332,226
6121,1894.4,2538
6419,3629.883333333333,4521
6923,159.31666666666666,160
7181,368.8,351
7384,129.2,135
7456,2902.2999999999997,4492
7523,0.1,5
7629,114.36666666666666,158
8198,12.0,46
8396,5099.483333333334,5529
8734,1421.25,1694
9201,7379.566666666667,8451
9463,56.7,79
9963,8803.883333333333,9630
10097,124.55,86
11033,1581.4833333333333,1829
11287,198.41666666666666,447
11356,0.11666666666666667,2
11669,0.08333333333333333,2
11757,3272.483333333333,3449
11917,8133.15,8745
11964,5.966666666666667,12
12147,5.266666666666667,13
12288,0.9333333333333333,7
12500,2929.233333333333,3192
12671,17.0,18
12967,1151.1,1258
13102,1542.5,1540
13124,4.033333333333333,6
13214,104.36666666666666,169
13293,44.9,54
13319,1525.1,1616
13495,4.716666666666667,18
13626,136.61666666666667,141
13627,120.01666666666667,131
13646,69.66666666666667,79
13647,1426.9,1720
13727,1381.0833333333333,1476
13838,227.2,289
13894,3204.6833333333334,2175
13901,8.3,11
13972,0.2833333333333333,3
13979,584.9666666666667,739
14005,374.46666666666664,339
14076,360.56666666666666,432
14428,78.56666666666666,99
14856,18.03333333333333,22
14896,0.41666666666666663,4
15230,275.26666666666665,304
15432,79.01666666666667,74
15485,9069.766666666666,9796
15821,527.7833333333333,449
16471,113.33333333333333,164
16472,0.45,2
16941,8723.533333333333,9545
17132,11.85,27
17274,299.6166666666667,308
18127,7.8999999999999995,22
18183,471.85,510
18233,3.8833333333333333,15
18474,1739.0666666666666,2280
18521,4939.483333333334,6265
18578,554.9333333333333,591
18988,208.51666666666668,363
19062,71.23333333333333,80
19154,150.61666666666667,168
19702,5.283333333333333,8
20010,68.58333333333333,76
20019,0.8999999999999999,6
20159,1571.35,1808
20237,20.583333333333332,40
20249,288.78333333333336,627
20277,2.6166666666666667,6
20646,4.033333333333333,14
20854,28.383333333333333,77
20900,0.4166666666666667,4
21002,635.45,677
21061,295.85,427
21107,110.33333333333334,62
21319,196.71666666666667,209
21324,0.23333333333333334,6
21414,6.683333333333333,17
21455,708.3333333333334,1143
21497,160.11666666666667,175
21504,56.95,57
21510,56.5,66
21511,150.55,157
21515,2158.75,2247
21529,499.1166666666667,363
21538,6686.366666666667,7753
21560,7410.4,4371
21588,482.4166666666667,779
21617,0.15,2
21858,1.0,4
21954,736.9666666666667,1084
22137,879.4833333333333,988
22389,337.65,396
22525,1661.5,2029
22682,1349.2666666666667,1182
22700,1601.8833333333334,1900
22995,946.3666666666667,813
23076,3354.6,3072
23078,1440.9166666666667,1672
24079,113.61666666666666,122
24787,0.2,3
25059,60.9,67
25662,258.75,267
25878,5876.266666666666,6191
25880,179.3,271
27627,134.26666666666665,148
27856,0.7666666666666667,5
27958,573.5166666666667,702
28065,1099.9333333333334,1579
28258,5.066666666666666,9
28268,598.75,762
28457,529.7166666666667,434
28622,12.799999999999999,26
28826,0.31666666666666665,3
29116,0.0,1
29139,9.916666666666666,12
29372,223.01666666666665,295
29720,0.06666666666666667,3
29838,1.7833333333333332,6
31085,0.11666666666666667,4
31203,0.08333333333333333,2
31219,0.0,1
31276,0.15,5
31279,179.45,208
31281,72.63333333333333,84
31304,120.36666666666667,131
31313,0.0,1
31335,1108.55,1123
31342,1237.6166666666666,1509
31349,149.0,307
31814,351.4,409
32236,13.083333333333332,16
32282,412.81666666666666,455
33184,0.0,1
33353,843.4,949
33388,3.0,6
33490,29.95,95
33533,721.2333333333333,664
33652,21.666666666666668,19
33716,5.116666666666666,8
33737,2177.5666666666666,2427
33794,9.549999999999999,18
34269,2.9499999999999997,8
34524,1170.1,1253
34605,1484.2666666666667,1377
34836,142.65,167
34865,649.0666666666666,913
34912,717.0833333333334,742
35044,578.9666666666667,876
35187,0.16666666666666666,2
35427,2190.633333333333,2232
35664,314.3,266
35922,495.7,594
36127,729.8333333333334,1123
36161,77.7,134
36542,354.23333333333335,410
36735,57.25,127
36765,0.05,2
36988,0.9833333333333334,14
37669,0.3,2
38417,1359.2,1782
38421,560.5333333333333,675
38597,1557.2833333333333,1532
38598,0.6166666666666667,4
38799,30.75,47
38937,53.65,18
39867,621.4333333333333,532
39897,2937.7666666666664,5382
39899,50.81666666666666,56
40066,0.06666666666666667,2
40119,399.5,548
40159,9.9,13
40191,1.0166666666666666,5
40299,231.6,257
40322,2489.633333333333,3365
40326,1278.7166666666667,1779
40332,3659.7833333333333,3151
40337,1633.0166666666667,1748
40356,1722.2833333333333,2041
40402,5011.216666666666,5127
40404,5783.816666666667,7774
40469,65.68333333333334,83
40480,472.85,593
40805,96.16666666666667,107
40806,1.6500000000000001,11
40807,1092.5,1266
40839,7.316666666666666,26
40866,6035.983333333334,6856
40891,1597.3833333333334,2104
40910,53.75,74
40956,438.56666666666666,445
40966,17.15,19
40979,1028.1,1002
40988,2211.8,1636
40998,7.483333333333333,38
41110,1571.45,2058
41154,29.416666666666664,34
41466,9296.1,13380
41610,828.1833333333333,931
41675,3364.95,4320
41676,603.7666666666667,570
41715,8417.25,8064
41751,9.233333333333333,12
41755,95.63333333333334,499
41770,535.6833333333334,366
41809,103.38333333333334,155
41838,2358.6,2994
41872,160.81666666666666,307
41880,7.833333333333334,11
41900,953.2833333333333,1031
41990,528.2,525
42010,248.71666666666667,284
42092,3804.5333333333333,3982
42206,4050.55,4208
42291,4406.416666666667,4607
42592,4709.933333333333,5519
42606,1378.4666666666667,1495
42928,1.8666666666666667,4
42942,91.95,217
43479,997.8,1059
43520,31.983333333333334,35
44023,759.8333333333334,1042
44091,240.36666666666667,344
44151,966.2166666666667,930
44152,0.55,4
44153,175.81666666666666,258
44232,2986.4166666666665,2952
44292,298.2833333333333,288
44357,570.0833333333334,689
44419,580.0,581
44519,10647.9,11242
44577,2100.3333333333335,2099
44764,13.1,20
44911,0.3333333333333333,7
44918,495.4,483
44958,0.2,2
45087,285.1666666666667,395
45112,25.183333333333334,37
45298,19.416666666666668,28
45317,4033.2666666666664,4465
45446,2274.8333333333335,2279
45487,393.3833333333333,465
45662,801.6333333333333,833
46020,151.35,118
46052,970.1166666666667,1408
46132,1797.3666666666666,3139
46197,543.4166666666666,478
46233,392.23333333333335,523
46234,1031.0333333333333,1216
46306,1936.05,2045
46336,1430.9333333333334,1889
46553,33.88333333333333,46
46604,362.5,381
46804,3934.8,3980
46868,88.6,97
47325,0.16666666666666666,2
47342,2606.866666666667,3283
47632,213.5,227
47840,140.73333333333335,214
47881,30.233333333333334,33
47900,769.0333333333333,794
47928,0.9333333333333333,4
48083,181.58333333333334,220
48127,718.8166666666666,816
48344,8244.983333333334,9584
48738,394.4166666666667,817
48873,7199.3,8854
49337,37.46666666666667,40
49449,17.65,29
49963,0.13333333333333333,2
50011,9.116666666666667,21
50013,601.4166666666666,818
50014,1507.7,1657
50345,130.08333333333334,140
50346,1755.2833333333333,1562
50505,107.9,112
50526,0.18333333333333332,4
50705,45.85,57
50707,2.4833333333333334,13
50742,215.45,248
50820,0.05,2
51348,160.11666666666667,192
51370,107.13333333333333,141
51557,430.6166666666667,528
51601,72.18333333333334,84
51863,3541.25,4506
51868,42.0,47
52049,1063.9333333333334,983
52095,223.4,278
52508,20.383333333333333,24
52650,3.25,9
52947,193.41666666666666,197
52965,46.666666666666664,49
53074,610.3333333333334,660
53106,731.6333333333333,763
53107,1526.4,2074
53119,1185.9833333333333,961
53140,0.05,2
53223,1927.7666666666667,1371
53224,7.7,10
53305,92.23333333333333,114
53512,308.21666666666664,441
53517,7.1499999999999995,17
53546,128.43333333333334,161
53547,12.183333333333334,16
53626,37.483333333333334,45
53834,31.716666666666665,34
53835,14.983333333333333,20
53836,4.933333333333334,9
53842,146.73333333333332,154
53843,53.88333333333333,57
53846,88.06666666666666,91
53848,13.966666666666667,17
53851,146.51666666666668,149
53852,17.0,19
53856,8.35,19
53858,52.016666666666666,204
53860,82.95,87
53862,96.46666666666667,141
53863,6.15,12
53864,60.25,80
53869,31.766666666666666,52
53870,183.73333333333332,189
53874,44.6,56
53876,95.11666666666666,102
53879,280.6166666666667,238
53880,6.716666666666667,10
53883,8.683333333333334,19
53890,91.64999999999999,121
53892,0.95,6
53911,91.11666666666666,154
54051,53.266666666666666,90
54168,147.08333333333334,159
54232,44.13333333333333,46
54345,2.15,7
54666,11.866666666666667,24
55007,62.8,50
55301,0.18333333333333332,6
55349,0.0,1
55354,0.08333333333333333,2
55483,448.71666666666664,538
55633,0.0,1
55771,49.86666666666667,82
55785,532.7833333333333,703
55787,54.65,130
55790,26.3,33
56003,386.59999999999997,313
56021,2605.55,5692
56314,1782.5833333333333,1857
56321,636.8166666666667,835
56380,0.3333333333333333,4
56381,2026.15,2214
56612,734.8833333333333,1450
56629,480.4166666666667,558
56736,6029.816666666667,6922
56878,50.416666666666664,73
56880,1083.3166666666666,1117
56903,1220.5666666666666,1142
56904,2.3,4
56909,7576.766666666666,7665
57009,192.06666666666666,236
57011,3462.9833333333336,3496
57071,13.049999999999999,26
57124,2847.8166666666666,2798
57129,433.23333333333335,476
57225,4.016666666666667,6
57294,2.4333333333333336,10
57431,480.2833333333333,427
57447,2298.8166666666666,2727
57545,172.03333333333333,205
57611,3854.133333333333,3671
57619,488.8666666666667,656
57686,3376.9166666666665,3775
57900,1123.6833333333334,1277
57925,5921.933333333333,6051
57939,102.05,132
57941,109.18333333333334,206
58306,8.466666666666667,14
58504,669.6666666666666,793
58646,335.1,263
58656,102.68333333333334,112
58664,3272.25,1030
58666,2077.9,2316
58668,1124.0,996
58731,0.18333333333333332,2
58807,428.9,533
58841,990.6833333333333,1297
58842,512.3,598
58854,136.33333333333334,142
58856,960.9833333333333,1069
58935,7696.233333333334,7894
59037,2.8833333333333333,14
59193,993.3,1437
59515,2142.6,1874
59632,5021.2,6073
59651,0.1,2
59722,10.35,13
59747,230.26666666666668,277
59807,1598.8,2383
60051,65.48333333333333,87
60052,2079.766666666667,2256
60074,527.3166666666666,605
60076,2.15,6
60077,1032.9333333333334,1155
60078,2909.4166666666665,2489
60128,0.23333333333333334,4
60223,864.9833333333333,985
60247,1.0,2
60259,364.73333333333335,277
60289,280.2833333333333,357
60290,0.05,2
60870,295.78333333333336,245
60882,148.51666666666668,160
60893,0.7833333333333333,13
61133,1.0166666666666666,5
61212,2170.233333333333,2590
61217,327.3666666666667,360
61247,117.35,177
61317,0.13333333333333333,8
61324,28.85,19
61328,76.05,58
61329,604.0333333333333,890
61330,180.98333333333332,376
61333,2347.883333333333,2198
61334,24.5,5
61353,544.4166666666666,617
61448,759.8,869
61514,211.06666666666666,231
61612,2.0166666666666666,3
61632,598.5666666666666,883
61863,1058.3166666666666,1682
61929,6.783333333333333,14
62164,4.766666666666667,12
62166,1943.8333333333333,2261
62357,1883.1166666666666,3107
62427,298.3666666666667,321
62428,46.81666666666667,59
62431,188.28333333333333,222
62432,57.8,97
62433,880.5166666666667,955
62438,2390.9333333333334,2888
62558,13.683333333333334,32
62624,148.7,198
62685,304.3333333333333,258
62696,556.6833333333334,174
62704,233.53333333333333,233
62782,69.85,105
63029,496.0833333333333,547
63460,0.0,7
63862,94.48333333333333,126
63971,1559.9666666666667,1426
64026,367.6166666666667,363
64056,1515.6666666666667,1509
64100,235.15,331
64165,1337.7666666666667,1584
64234,40.583333333333336,58
64246,5.05,12
64252,0.23333333333333334,2
64302,530.2166666666667,458
64479,120.1,121
64562,59.25,103
64853,5.6,27
64882,13038.133333333333,15471
65055,3096.983333333333,3827
65150,9.016666666666667,11
65367,2.0,5
65386,0.4,7
65387,92.5,103
65414,172.53333333333333,190
65421,250.31666666666666,189
65422,259.56666666666666,285
65496,137.78333333333333,149
65578,120.18333333333334,149
65685,100.2,112
65717,0.7333333333333334,13
65763,1443.9333333333334,1481
65991,7.85,22
66181,690.95,732
66215,1576.5833333333333,1564
66217,211.71666666666667,278
66298,822.5333333333333,968
66462,56.016666666666666,73
66488,109.46666666666667,119
66721,94.71666666666667,111
66786,40.93333333333333,48
67151,123.11666666666666,140
67268,0.23333333333333334,3
67370,278.9166666666667,284
67592,0.4166666666666667,3
67947,2566.5833333333335,2758
67977,7740.416666666667,7861
68133,139.0,161
68195,303.03333333333336,350
68369,0.35000000000000003,4
68370,703.4833333333333,574
68700,219.58333333333334,272
68716,0.31666666666666665,3
68758,2647.883333333333,2747
68913,507.4,458
69312,35.5,9
69441,216.81666666666666,182
69493,7.266666666666667,190
69714,2.683333333333333,7
70262,0.6166666666666667,4
70267,7580.05,8378
70302,8.05,9
70313,2490.75,3146
70562,322.3333333333333,332
70613,1165.9833333333333,1185
70704,0.9000000000000001,10
70726,0.0,34
70855,166.96666666666667,180
70868,2476.5,3551
70944,1136.6333333333334,1425
70946,3852.5666666666666,4612
70962,1104.4833333333333,1772
70981,8667.966666666667,8562
70982,148.66666666666666,203
70986,155.43333333333334,178
70987,131.11666666666667,156
71010,6795.349999999999,7860
71011,2107.633333333333,2484
71034,319.8333333333333,387
71041,331.01666666666665,380
71050,132.26666666666668,378
71070,1092.9666666666667,1862
71072,909.6833333333333,1031
71080,1192.5,1240
71390,0.06666666666666667,4
71439,1603.7666666666667,1728
71529,0.16666666666666669,4
71560,126.05,128
71992,227.5,299
72045,47.36666666666667,82
72117,427.9166666666667,467
72130,1.8333333333333333,15
72229,399.3833333333333,433
72602,359.35,367
72634,5.6,25
72681,300.65,269
72684,160.35,172
72693,1175.45,1295
72770,4.216666666666667,7
72912,0.3,4
72947,3.1666666666666665,5
72949,2.033333333333333,5
72950,18.9,21
73360,3020.0166666666664,3201
73375,47.5,78
73636,3182.5166666666664,4479
73714,4230.066666666667,5352
73744,57.18333333333333,16
73770,0.3,6
73786,379.9,397
73794,1446.1666666666667,1488
74132,6469.8,7026
74143,44.55,467
74157,119.76666666666667,588
74158,11260.566666666666,10897
74166,6413.55,7511
74323,90.45,45
74333,582.1166666666667,622
74350,48.416666666666664,93
74366,3480.516666666667,4597
74369,242.5,199
74378,79.9,88
74382,0.36666666666666664,2
74439,413.7,441
74456,269.95,330
74488,284.76666666666665,182
74663,0.6666666666666666,21
74692,3130.7166666666667,3134
74696,2825.5833333333335,3871
74698,314.05,339
74700,368.2833333333333,598
74764,3619.2,3817
74808,2.033333333333333,9
74816,2622.45,3289
74819,13.016666666666666,29
74862,2613.55,3571
74942,2850.3166666666666,2367
74948,948.0833333333334,1048
74953,852.4166666666666,1577
74983,3501.483333333333,3857
75046,4392.416666666667,4831
75071,2335.55,3061
75081,199.71666666666667,272
75145,4912.1,5875
75297,4.216666666666667,10
75393,0.2,2
75430,28.65,38
75507,296.68333333333334,306
75546,4485.733333333334,4523
75558,4938.783333333334,5180
75562,756.4,932
75573,4378.75,3971
75583,464.3833333333333,549
75598,349.06666666666666,444
75613,546.65,559
75619,4.3,13
75621,0.0,1
75624,62.699999999999996,91
75688,868.1333333333333,923
75846,100.65,130
75866,164.7,188
76565,137.98333333333332,178
76768,13.0,27
76799,4059.2,4164
76803,716.5333333333333,726
76837,1650.3166666666666,1772
77055,31.766666666666666,53
77159,4.183333333333334,8
77243,1222.0666666666666,1355
77245,178.41666666666666,194
77270,164.63333333333333,193
77306,169.26666666666668,190
77331,584.8833333333333,606
77364,181.13333333333333,192
77601,0.36666666666666664,2
77610,178.26666666666665,216
77629,22.166666666666668,20
77744,2.033333333333333,5
77746,3.7333333333333334,10
77845,3.0166666666666666,5
77858,924.6,1013
78224,2.05,14
78413,344.3833333333333,423
78560,162.11666666666667,179
78570,106.93333333333334,124
78958,0.0,1
78994,89.81666666666666,104
79144,2103.1,2290
79153,7913.083333333333,5261
79158,0.6166666666666667,2
79520,2329.0333333333333,2948
79598,5223.283333333334,5773
79611,3.65,7
79686,815.15,718
79709,0.11666666666666667,2
79885,1665.15,2277
79889,9.950000000000001,33
79893,7921.95,8958
79903,2505.7666666666664,3408
79906,273.21666666666664,166
79951,9.533333333333333,17
79990,14.0,17
79992,3932.733333333333,4111
79996,40.65,45
79997,0.18333333333333332,2
80001,182.18333333333334,132
80020,4510.533333333334,4280
80023,81.21666666666667,91
80064,361.93333333333334,426
80193,11.683333333333334,7
80489,5929.533333333334,6752
80490,2342.7666666666664,3496
80519,24.016666666666666,28
80763,1199.55,1656
80791,0.7666666666666666,4
80819,83.86666666666666,142
80861,680.5166666666667,887
80865,783.2,851
80872,2.083333333333333,9
80874,2722.25,3999
81050,306.71666666666664,225
81094,590.3666666666667,622
81123,28.816666666666666,52
81204,724.2666666666667,1481
81205,6526.666666666667,6718
81249,230.91666666666666,279
81305,187.43333333333334,209
81379,1623.4833333333333,1603
81381,194.63333333333333,286
81385,975.4833333333333,1052
81387,192.63333333333333,311
81388,1204.8166666666666,1505
81389,101.96666666666667,142
81390,1120.9833333333333,1349
81393,88.63333333333333,234
81394,1026.6833333333334,1304
81427,70.66666666666667,87
81429,1817.5166666666667,2071
81430,2567.4166666666665,2913
81433,456.98333333333335,401
81492,17969.816666666666,16765
81496,4529.583333333333,4670
81501,13.966666666666667,16
81520,0.3333333333333333,4
81572,7.033333333333333,17
81597,24.183333333333334,43
81625,178.95,215
81701,1.7166666666666668,6
81724,10088.25,11656
82082,809.3166666666666,1124
82089,97.03333333333333,67
82459,95.65,97
82464,1.6333333333333333,10
82466,10.2,23
82491,3.9166666666666665,6
82514,5.366666666666667,8
82578,1.4166666666666667,14
82887,561.2166666666667,787
82903,324.15,320
82937,39.05,50
82983,300.46666666666664,191
83005,0.0,2
83024,260.4,298
83041,7.966666666666667,10
83218,3543.2666666666664,3494
83227,184.11666666666667,206
83376,4024.0666666666666,5402
83394,97.76666666666667,130
83445,9.666666666666666,20
83560,180.95,185
83773,1549.2833333333333,614
83863,4133.416666666667,2774
83868,339.98333333333335,350
83910,225.68333333333334,215
83938,3.1,11
83947,10.75,23
83991,5.083333333333333,8
84124,608.8166666666666,619
84189,12.833333333333334,17
84229,169.93333333333334,216
84312,80.15,182
84438,0.0,1
84450,307.1333333333333,440
84472,38.4,48
84845,842.0833333333334,780
84897,3182.7166666666667,3361
84903,0.0,1
84921,53.71666666666667,66
84980,56.78333333333333,68
85115,2139.5,2379
85164,156.85,170
85199,5513.366666666667,6684
85209,8.633333333333333,22
85212,0.23333333333333334,2
85218,87.36666666666666,101
85238,313.48333333333335,267
85373,0.4166666666666667,6
85376,6956.833333333333,10382
85385,3871.4333333333334,4386
85413,3525.3166666666666,3431
85430,122.86666666666666,1418
85496,20.0,31
85529,512.4333333333333,771
85670,2.0166666666666666,14
85673,1.1166666666666667,7
85711,266.05,1050
85881,143.28333333333333,158
85884,897.0999999999999,660
86140,7.7,29
86146,653.4833333333333,591
86147,10974.633333333333,12177
86167,4138.6,4755
86171,931.1833333333333,956
86177,11.416666666666666,20
86181,2282.1,2314
86186,2277.5833333333335,2358
86194,3.833333333333333,10
86206,7.5,12
86213,406.2,455
86216,574.2333333333333,725
86238,774.7833333333333,512
86256,4991.366666666667,5889
86258,2139.3333333333335,2710
86276,0.08333333333333333,4
86317,2880.5833333333335,3275
86318,869.55,952
86322,5.866666666666666,23
86331,65.26666666666667,366
86332,683.2333333333333,1372
86335,475.1666666666667,953
86339,4110.866666666667,4910
86347,265.8,221
86385,0.08333333333333333,4
86395,13.0,38
86398,204.73333333333332,271
86409,3292.8,3532
86420,9994.633333333333,12283
86438,58.11666666666667,232
86480,90.26666666666667,101
86570,231.43333333333334,328
86592,181.0,262
86600,54.11666666666667,30
86616,510.25,563
86636,80.48333333333333,87
86637,1.0,2
86677,1536.35,1604
86740,35.416666666666664,41
86746,1765.0,1683
86759,32.85,37
86987,4.9,16
87411,0.18333333333333332,2
93497,111.88333333333333,132
93677,246.13333333333333,389
93679,425.65,386
93680,2100.55,2041
93681,1744.3333333333333,1667
93682,259.3333333333333,330
93683,92.03333333333333,121
93684,1601.4,1937
93686,202.35,230
93688,449.76666666666665,482
93689,939.4166666666666,1084
93690,1.5833333333333333,6
93692,7335.466666666666,10884
93693,3.3166666666666664,6
93696,201.14999999999998,45
93730,0.0,1
93749,137.05,288
93750,5.383333333333333,14
93751,3.6166666666666667,13
93752,87.5,113
93774,18.266666666666666,36
93801,41.583333333333336,157
93819,173.03333333333333,199
93821,71.15,77
93823,3.1,12
93824,228.35,249
93825,455.09999999999997,626
93826,830.0,1043
93828,569.4166666666666,705
93829,17.0,18
93831,0.11666666666666667,2
93832,2596.3166666666666,3236
93879,1180.7666666666667,1250
93880,2132.5666666666666,1848
93923,721.4666666666667,807
93924,166.6,220
93933,2264.3333333333335,2173
93935,1187.4333333333334,1337
93936,905.35,1440
93938,1438.8333333333333,1140
93939,6879.483333333334,9983
93942,854.1166666666667,1017
93951,1863.0,1380
93956,6184.033333333333,10734
93957,4668.783333333333,4907
93959,1474.2666666666667,1726
93964,1224.3833333333332,1357
93965,4488.05,5899
93983,0.08333333333333333,2
93986,114.6,185
94000,7586.316666666667,8900
94058,1085.2666666666667,1233
95225,548.7333333333333,753
110160,2654.5166666666664,4160
110185,40.05,44
110286,638.6166666666667,697
110328,602.5333333333333,687
110352,16.15,25
110479,331.1333333333333,401
110482,107.7,137
110565,309.05,298
110572,33.18333333333333,41
110654,4355.7,4274
110673,787.4,1024
110677,542.7833333333333,487
110695,1732.3666666666666,2280
110809,503.8666666666667,844
110821,0.0,1
110822,10.15,75
110835,0.3,7
110836,2714.266666666667,3178
110971,738.55,651
111034,39.233333333333334,81
111044,0.1,2
111175,0.11666666666666667,4
111178,193.73333333333335,230
111182,74.33333333333333,108
111183,1735.2666666666667,2300
111185,16.15,27
111186,235.86666666666667,260
111187,8.916666666666666,25
111189,1092.2666666666667,952
111191,985.0166666666667,985
111193,334.26666666666665,421
111201,3.25,21
111202,16.6,23
111203,0.26666666666666666,3
111205,84.0,87
111208,295.5333333333333,221
111211,0.26666666666666666,5
111212,430.93333333333334,502
111371,16.75,37
111383,61.9,64
111478,228.6,232
111483,548.8833333333333,579
111502,2.85,12
111513,884.5666666666667,779
111519,1.0,2
111528,186.0,200
111569,2721.0833333333335,3137
111577,327.03333333333336,425
111580,135.96666666666667,205
111634,421.73333333333335,803
111669,108.81666666666666,142
111675,20.6,43
111708,27.8,35
111725,305.01666666666665,315
111835,5421.616666666667,5592
111874,5.183333333333334,34
111895,324.6166666666667,367
111896,84.1,97
111944,51.9,72
111966,71.66666666666667,80
111982,1347.9166666666667,1558
111986,10.0,13
111992,226.38333333333333,376
111996,2.8166666666666664,4
111997,176.91666666666666,227
112011,73.31666666666666,108
112013,76.03333333333333,79
112027,8.316666666666666,10
112038,253.25,218
112048,9.016666666666666,10
112072,70.01666666666667,77
112105,84.5,95
112119,187.13333333333333,199
112157,150.91666666666666,181
112187,139.51666666666668,64
112201,390.2,325
112251,113.65,133
112259,0.7333333333333333,4
112261,764.7166666666667,672
112271,89.5,119
112279,3.7666666666666666,12
112288,1656.0,1976
112298,24.3,39
112314,281.05,351
112335,132.8,197
112348,0.25,4
112367,1096.0666666666666,933
112382,1.0,3
112385,201.68333333333334,201
112388,5.266666666666667,32
112411,224.63333333333333,347
112412,295.6333333333333,352
112434,32.833333333333336,39
112463,192.91666666666666,219
112476,164.36666666666667,190
112500,1178.85,1290
112537,1.8166666666666667,6
112541,150.4,151
112547,116.06666666666666,131
112548,0.7166666666666667,15
112551,0.3,4
112553,110.36666666666666,69
112554,0.05,2
112555,73.46666666666667,94
112556,190.56666666666666,3802
112557,0.13333333333333333,6
112561,80.0,81
112562,88.85,134
112563,140.01666666666668,162
112564,170.46666666666667,173
112567,593.0333333333333,573
112568,0.6000000000000001,12
112570,0.21666666666666667,3
112572,308.9,322
112573,92.93333333333334,78
112574,17.71666666666667,23
112720,60.18333333333334,36
112738,0.03333333333333333,2
112749,255.71666666666667,119
112785,0.26666666666666666,3
112800,211.61666666666667,213
112816,148.38333333333333,156
112824,115.18333333333334,127
112847,26.78333333333333,35
112863,118.7,129
112914,34.96666666666667,51
112932,115.48333333333333,143
112945,106.21666666666667,83
113035,79.11666666666666,71
113038,227.31666666666666,212
113075,98.08333333333333,109
113078,129.38333333333333,200
113080,307.3333333333333,407
113094,241.38333333333333,260
113168,73.6,91
113173,178.36666666666667,188
113207,1119.0333333333333,1238
113229,4.2,28
113246,426.7,557
113325,490.81666666666666,929
113386,28.883333333333333,55
113403,47.3,68
113433,553.45,660
113450,5.216666666666667,14
113465,347.5333333333333,407
113523,401.76666666666665,427
113527,202.35,210
113529,3.9166666666666665,6
113546,0.0,1
113549,296.25,320
113583,0.5333333333333333,5
113607,22.316666666666666,27
113609,10.583333333333334,21
113613,1310.3333333333333,1387
113650,290.65,309
113662,519.35,625
113664,648.7666666666667,594
113665,158.95,461
113987,1057.3833333333334,1053
114072,128.03333333333333,167
114103,229.25,318
114154,297.1333333333333,703
114189,11.716666666666667,15
114330,5991.883333333333,6297
114332,88.63333333333334,253
114333,2688.133333333333,2577
114337,340.4,446
114339,249.26666666666665,380
114345,4.933333333333334,7
114362,3714.0833333333335,2032
114376,5285.2,6573
114380,2440.85,2568
114384,690.8166666666667,945
114407,713.5833333333334,358
114417,189.83333333333334,161
114420,106.36666666666666,107
114424,980.6,1286
114430,1210.0,1161
114444,1283.1833333333334,1622
114446,100.58333333333333,109
114451,1118.3666666666666,1382
114474,4156.333333333333,4796
114475,32.983333333333334,35
114479,48.483333333333334,59
114569,471.85,527
114610,7.583333333333333,45
114628,6990.566666666667,6846
114935,147.5,178
114944,361.73333333333335,380
114966,312.3333333333333,203
115015,348.5833333333333,420
115910,62.65,86
121220,61.53333333333333,40
122507,99.98333333333333,123
123197,527.0333333333333,720
129147,756.3333333333334,1101
134087,31.083333333333332,43
134093,8.133333333333333,16
134161,7143.55,5810
134175,2.15,7
134177,16.9,23
134180,16.583333333333332,25
134268,10.216666666666667,22
134293,1431.0,1853
134301,72.0,81
134313,5139.583333333333,4065
134345,5105.766666666666,5785
134350,28.833333333333332,34
134354,1376.8,1583
134357,25.5,47
134430,70.53333333333333,75
134510,20.266666666666666,30
134522,140.91666666666666,183
134573,110.68333333333334,103
134589,183.21666666666667,193
134604,5.5,18
134605,0.6833333333333333,2
134719,141.08333333333334,153
134747,35.81666666666666,62
134786,118.46666666666667,150
134808,27.416666666666668,42
134847,2.466666666666667,8
134875,228.16666666666666,288
134888,2638.05,2968
134915,1604.0166666666667,2421
134925,7.216666666666667,15
134927,4233.75,4328
134935,13779.283333333333,13451
134960,233.01666666666668,264
134987,0.0,1
134990,14.933333333333332,10
134991,129.21666666666667,135
135021,1088.8166666666666,1153
135025,24.366666666666667,32
135224,67.93333333333334,102
135242,1235.6,1927
135411,368.73333333333335,471
135412,15.266666666666666,18
135430,11.233333333333333,21
135444,152.6,102
135489,29.583333333333332,45
135699,351.9,276
135714,0.11666666666666667,2
135793,34.25,472
135801,5.866666666666666,11
135862,16.85,22
135884,0.4833333333333333,6
135886,314.05,413
135912,633.45,647
135977,3.716666666666667,30
136051,3.5166666666666666,9
136105,263.06666666666666,212
136109,1344.8166666666666,1474
136138,10794.15,11752
136151,6.483333333333333,14
136162,576.0666666666666,731
136180,82.75,102
136240,2.0,7
136280,233.0,272
136301,55.43333333333333,58
136433,2107.5333333333333,1951
136534,11.9,27
136700,1769.15,1845
136787,7202.15,8329
136823,60.43333333333333,106
136825,20.966666666666665,13
136826,446.8666666666667,476
136828,19.116666666666667,40
136830,10.649999999999999,38
136839,695.0,885
136850,1931.2666666666667,2351
136905,171.61666666666667,369
136907,0.5166666666666667,2
136922,6383.55,6806
136970,13384.416666666666,14327
136998,7.833333333333333,16
137050,390.98333333333335,658
137073,781.8,660
137076,109.58333333333333,155
137101,0.18333333333333335,3
137108,326.73333333333335,246
137121,162.58333333333334,177
137123,2992.5833333333335,3120
137181,504.8833333333333,573
137247,4.3,7
137260,27.833333333333332,49
137265,5.35,10
137305,129.33333333333334,194
137432,31.983333333333334,45
137455,1420.9,1052
137477,4972.083333333333,6351
137617,477.5333333333333,338
137643,112.75,142
137651,0.0,1
137669,11.833333333333334,23
137705,707.25,708
137875,5.9,15
137976,1.0166666666666666,6
138038,110.56666666666666,120
138219,687.2,741
138335,1368.6166666666666,1363
138337,30.516666666666666,48
138339,1079.5833333333333,1355
138343,2711.8,3132
138351,8910.666666666666,14487
138352,1301.9666666666667,1885
138418,27.316666666666666,53
138438,94.58333333333333,90
138457,21.85,29
138479,129.45,206
138484,146.4,199
138488,6.866666666666666,26
138528,1.2833333333333332,13
138549,386.8666666666667,566
138661,59.11666666666667,42
138675,4.033333333333333,13
138676,2250.0166666666664,2478
138697,202.61666666666667,305
138707,740.1166666666667,803
138716,136.9,66
139036,1860.2,1331
139038,3066.1666666666665,3311
139046,3221.616666666667,3732
139050,784.1333333333333,648
139052,6.433333333333334,14
139178,1563.6166666666666,1833
139208,120.15,143
139257,108.26666666666667,130
139276,22.666666666666664,30
139280,2934.55,3358
139307,682.8833333333333,655
139348,329.51666666666665,204
139518,260.06666666666666,223
139521,1310.8833333333334,1431
139525,89.43333333333334,108
139557,334.3333333333333,417
139611,70.75,90
139623,241.38333333333333,149
139701,27.083333333333332,52
139755,28.45,42
139805,1.0166666666666666,2
140018,1889.8166666666666,2244
140019,1348.5,1844
140284,26.6,15
140329,7.066666666666666,15
140449,317.8333333333333,333
140501,444.85,532
141140,354.6166666666667,238
141187,762.0166666666667,961
141197,4362.85,5034
141215,86.7,30
141220,2947.116666666667,4079
141282,243.3,263
141285,826.0333333333333,906
141774,14.133333333333333,24
141776,20.666666666666668,23
141777,606.2166666666667,732
142031,2987.0333333333333,2756
142118,324.2,137
142205,909.7,978
142229,351.48333333333335,485
142435,73.01666666666667,106
142460,76.95,141
142480,1551.2833333333333,1570
142506,10241.5,11096
142519,0.23333333333333334,4
142528,727.55,2040
142603,4.5,11
142615,28.75,90
142620,2.783333333333333,4
142630,0.39999999999999997,8
142636,19.25,46
142638,0.43333333333333335,22
142639,11.416666666666666,39
142641,113.43333333333334,202
142676,2367.383333333333,3117
142693,2837.616666666667,2896
142700,1224.8333333333333,1391
142711,3.4333333333333336,6
142732,3359.15,4235
142746,1401.45,1493
142763,2057.616666666667,2060
142776,12180.6,14252
142852,113.5,77
142853,51.13333333333333,60
142867,15.416666666666666,20
142878,232.1,234
142888,3168.4666666666667,3852
142890,1.0333333333333334,2
142893,32.8,35
142900,1125.7166666666667,1168
142916,155.66666666666666,202
142920,20.916666666666668,64
142927,396.85,406
142944,113.55,175
142945,1.0666666666666667,14
142946,13.883333333333333,18
142965,13.633333333333333,23
142999,4.449999999999999,14
143023,5.949999999999999,14
143071,761.95,866
143072,2396.366666666667,2988
143073,3134.1,3795
143074,3825.866666666667,5625
143076,4246.983333333334,5815
143077,4155.25,4498
143078,6621.883333333333,6867
143079,3487.25,4119
143080,3749.1,4595
143083,3931.1,4701
143085,2940.7666666666664,3553
143086,4317.866666666667,5553
143088,3591.8,3916
143089,793.3666666666667,1196
143090,3523.1666666666665,3909
143091,4893.333333333333,5711
143092,5721.45,6426
143093,2177.983333333333,2803
143094,3773.866666666667,4298
143095,4006.7833333333333,4687
143096,4655.15,5567
143097,4143.683333333333,6531
143098,7074.766666666666,6904
143099,4135.583333333333,4923
143100,5098.083333333333,7994
143101,3544.8166666666666,4059
143102,1626.65,2075
143103,3576.1833333333334,4334
143104,3304.45,4062
143105,3630.0666666666666,4204
143106,3468.116666666667,4389
143107,3972.8,5164
143108,4579.0,5208
143220,3.216666666666667,11
143221,1876.75,1776
143379,4731.4,6112
143418,3101.35,3289
143488,1131.1166666666666,1373
143503,1735.5333333333333,1524
143650,20.55,28
143656,0.08333333333333333,2
143692,10059.716666666667,13002
143724,1440.55,1470
143904,0.18333333333333332,3
143906,56.733333333333334,69
143907,60.9,71
143929,3.183333333333333,13
143933,0.06666666666666667,2
143934,285.3666666666667,243
144077,1031.6833333333334,1213
144078,68.26666666666667,37
144080,0.5,5
144165,6.833333333333333,36
144170,1.7666666666666666,6
144178,0.0,1
144180,0.8666666666666667,13
144188,220.96666666666667,242
144208,0.55,4
144219,8.383333333333333,11
144263,27.9,48
144306,1938.7666666666667,2097
144427,1.7166666666666668,20
144567,130.35,166
144580,0.3,115
144585,779.8,1101
144588,28.55,8
144589,10.5,18
144598,6.133333333333333,15
144603,1647.35,1782
144604,9.4,20
144614,0.3,2
144617,2959.8166666666666,3068
144618,2451.6666666666665,2081
144621,0.25,8
144625,54.4,70
144630,0.0,43
144635,2839.6666666666665,2934
144647,379.76666666666665,482
144665,355.81666666666666,416
144668,60.43333333333333,106
144670,1.0,5
144677,1370.4666666666667,2041
144683,1030.4166666666667,1098
144684,1563.6833333333334,1597
144685,4435.083333333333,4914
144705,4112.233333333334,9040
144742,671.5833333333334,766
144763,214.93333333333334,249
144790,7969.033333333333,6413
144793,13341.366666666667,14579
144802,12645.733333333334,13599
144812,1117.4333333333334,1304
144819,6095.633333333333,6045
144822,12565.05,12684
144823,271.28333333333336,291
144829,6865.666666666667,7921
144847,1285.4666666666667,1747
144859,1070.1,1655
144884,710.6666666666666,881
144920,0.4666666666666667,4
144926,9748.75,10965
144941,654.0666666666666,930
144943,0.5166666666666667,2
144967,0.8833333333333333,6
144976,2211.866666666667,2201
144978,4.533333333333333,140
144983,2095.0833333333335,1829
145030,2409.883333333333,2516
145051,167.6,194
145057,940.1333333333333,819
145060,18894.983333333334,22993
145061,5250.516666666666,7261
145062,11011.25,14760
145087,4.416666666666667,8
145108,1337.1,1780
145116,9600.766666666666,11816
145118,4357.95,4632
145119,2082.9333333333334,2369
145121,9068.15,10724
145142,2074.6,2399
145166,475.1166666666667,453
145180,49.78333333333333,96
145193,3793.6,4492
145213,1.0166666666666666,2
145222,1539.4,1927
145403,1.0,4
145413,4100.033333333334,3936
145414,1059.2,1707
145434,2.65,12
145453,4179.533333333334,5553
145469,1.1166666666666667,4
145479,16.716666666666665,58
145481,574.65,414
145493,199.35,217
145522,1382.55,1737
145556,2781.616666666667,3844
145557,8317.383333333333,9803
145568,300.1166666666667,309
145593,881.9666666666667,1257
145596,12755.033333333333,14261
145598,20.3,24
145623,571.2,719
145635,0.0,1
145644,1154.3666666666666,1827
145645,297.95,786
145648,519.9833333333333,545
145649,50.0,301
145650,9895.083333333334,11163
145652,295.8,414
145657,10.0,20
145659,0.05,2
145667,1112.5,1566
145672,285.48333333333335,332
145692,6023.683333333333,6870
145714,0.23333333333333334,2
145735,5.266666666666667,23
145742,5765.783333333333,7508
145763,5829.883333333333,6602
145765,1719.65,2233
145770,0.0,1
145775,75.98333333333333,101
145797,3571.4166666666665,3842
145806,0.16666666666666666,5
145832,1632.5666666666666,1749
145844,1682.8833333333334,1915
145849,4758.916666666667,4034
145851,0.0,1
145856,0.35,5
145866,2101.5666666666666,4284
145868,1.5666666666666667,9
145872,0.9166666666666666,6
145876,621.4,744
145877,303.93333333333334,314
145879,4408.333333333333,4058
145886,1884.2,2255
145897,203.55,220
145902,8647.433333333332,11168
145903,7104.016666666666,8995
145914,1628.0666666666666,1856
145940,169.0,232
145995,287.18333333333334,270
145997,0.6333333333333333,8
146020,493.8833333333333,335
146081,1.8,10
146098,450.51666666666665,501
146109,1773.35,2838
146110,4002.65,4560
146112,1461.7,1544
146168,1924.2166666666667,2667
146252,1201.9166666666667,1617
146298,199.35,282
146307,612.1,780
146316,543.3,511
146317,80.68333333333334,134
146350,144.28333333333333,151
146351,1181.6333333333334,1023
146354,468.35,462
146359,151.38333333333333,318
146363,1675.2833333333333,1727
146367,199.53333333333333,260
146373,747.9,796
146377,602.65,685
146416,3103.9,3080
146424,2606.983333333333,3475
146457,249.36666666666667,243
146676,235.88333333333333,160
146711,1197.2833333333333,1166
146798,1.0833333333333333,7
146854,539.7666666666667,658
146946,314.1166666666667,274
147002,23.033333333333335,27
147047,595.25,976
147077,11.283333333333333,23
147249,33.86666666666667,56
147279,532.3833333333333,609
147284,81.36666666666666,126
147321,2.7666666666666666,14
147397,122.61666666666667,125
147405,150.16666666666666,194
147452,1808.3833333333334,2242
147511,1.4666666666666668,11
147627,6.95,11
147633,320.65,348
147694,3134.883333333333,3996
147723,4334.016666666666,5110
147724,5816.716666666666,6217
147740,0.0,1
147744,0.3,2
147752,68.33333333333333,69
147754,60.083333333333336,72
147963,55.0,72
147980,1161.6,1502
148125,265.6166666666667,379
148158,5467.266666666666,9938
148340,485.3833333333333,499
148368,396.48333333333335,417
148376,424.81666666666666,402
148449,0.0,1
148497,1632.3,875
148510,2077.266666666667,2576
148522,5.6,8
148530,646.7666666666667,881
148533,0.35,8
148650,7.683333333333334,5
148677,958.75,1079
148678,0.31666666666666665,14
148687,144.26666666666668,181
148755,722.4333333333333,979
148809,21.35,35
148812,1.0833333333333333,10
148817,64.96666666666667,56
148818,43.199999999999996,48
148822,1973.4333333333334,2242
148829,182.1,239
148831,464.25,685
148857,2269.6833333333334,2688
148927,0.6333333333333333,8
148940,79.13333333333333,90
148983,9652.783333333333,10602
149006,2073.983333333333,2400
149010,238.36666666666667,271
149082,0.31666666666666665,4
149143,54.81666666666666,67
149190,26.75,47
149194,109.98333333333333,140
149209,220.68333333333334,179
149285,292.96666666666664,389
149286,69.63333333333334,82
149288,1602.3833333333332,2087
149289,152.86666666666667,138
149290,0.06666666666666667,2
149293,624.0166666666667,634
149295,95.83333333333333,114
149296,1364.05,1543
149297,76.78333333333333,94
149298,208.45,231
149299,83.39999999999999,106
149300,99.08333333333333,117
149304,523.9833333333333,1113
149305,58.81666666666667,76
149307,81.8,96
149308,41.43333333333333,91
149309,15.333333333333334,27
149310,117.81666666666666,108
149311,51.516666666666666,59
149312,241.08333333333334,267
149313,46.86666666666667,53
149319,59.0,87
149320,83.63333333333333,105
149322,33.06666666666667,55
149522,146.93333333333334,150
149556,240.36666666666667,302
149560,2.9833333333333334,122
149566,0.03333333333333333,2
149575,17.0,21
149578,0.05,2
149580,16.933333333333334,22
149591,34.61666666666667,74
149593,454.6166666666667,518
149611,2998.9333333333334,3070
149622,191.45,250
149625,383.93333333333334,369
149627,351.46666666666664,364
149629,417.0,601
149632,0.43333333333333335,4
150037,91.11666666666666,240
150130,2248.4333333333334,2554
150206,5188.8,5581
150208,3577.5666666666666,4049
150220,1427.2833333333333,1909
150233,770.95,982
150237,2551.8333333333335,3425
150246,640.85,636
150270,1155.5166666666667,1246
150276,217.38333333333333,233
150279,407.31666666666666,378
150282,2.9833333333333334,10
150283,251.75,352
150285,306.35,444
150286,2502.9166666666665,3189
150290,223.15,238
150313,3905.4,4455
150469,30.8,33
150477,342.6666666666667,350
150486,37.1,40
150487,185.65,324
150739,2676.0333333333333,1414
150742,714.1666666666666,897
150748,2.5666666666666664,29
150749,5.0,7
150752,341.6333333333333,416
150766,8612.8,4511
150772,5897.45,7703
150777,4308.683333333333,5062
150778,58.983333333333334,127
150792,566.9166666666666,653
150798,837.8,1027
150799,458.3,675
150800,1404.9833333333333,1591
150801,84.78333333333333,98
150803,1605.15,1948
150828,570.4333333333333,564
150833,585.7333333333333,589
150835,430.25,519
150836,338.75,366
150841,447.8,469
150842,239.36666666666667,276
150843,779.4833333333333,707
150844,611.4666666666667,607
150860,2313.0833333333335,3147
150877,800.15,713
150891,87.21666666666667,85
150897,85.86666666666666,109
150914,0.7833333333333333,5
150915,542.4,710
150920,276.1,215
150926,269.71666666666664,321
150968,433.55,411
150974,0.9833333333333334,3
150977,4.25,7
150982,1253.9,1478
150990,0.4666666666666667,4
150991,0.8833333333333333,3
150996,1017.05,1227
151005,1408.5833333333333,1519
151013,9069.883333333333,9900
151020,391.2,544
151028,48.06666666666666,115
151042,4.383333333333333,12
151125,2683.9666666666667,3188
151127,6018.35,7039
151139,0.15,2
151195,5.283333333333333,11
151204,0.0,3
151223,353.9166666666667,372
151255,146.91666666666666,136
151417,256.6166666666667,227
151419,939.05,677
151437,13.466666666666667,27
151446,265.46666666666664,247
151452,67.48333333333333,76
151517,418.15,692
151598,3764.45,3262
151602,0.08333333333333333,2
151606,1145.2666666666667,1168
151613,1.0166666666666666,2
151623,108.66666666666667,115
151639,3.0833333333333335,22
151648,909.0166666666667,1070
151810,38.36666666666667,55
151818,64.23333333333333,96
151840,1486.5166666666667,1614
151841,2177.9333333333334,3067
151843,2134.883333333333,2741
151858,34.03333333333333,53
151861,299.6166666666667,313
151916,2818.05,3034
151918,1853.3,2053
151919,254.35,417
151920,201.45,299
151921,4190.766666666666,4561
151964,41.983333333333334,46
151975,0.6666666666666667,8
151977,38.1,68
151987,0.0,1
151993,625.5666666666666,902
152002,1.5,23
152006,17.166666666666668,22
152036,0.0,1
152045,233.6,277
152049,1.2166666666666668,19
152051,507.68333333333334,598
152083,124.83333333333333,142
152102,568.9666666666667,598
152104,745.4,958
152116,47.166666666666664,60
152119,1379.3666666666666,1658
152121,0.0,1
152243,205.86666666666667,222
152251,10.233333333333334,20
152269,241.75,235
152302,51.9,72
152313,274.48333333333335,354
152314,341.6166666666667,470
152324,222.96666666666667,319
152338,930.5833333333334,905
152340,858.7166666666667,942
152341,530.6666666666666,761
152347,2.216666666666667,11
152353,120.95,207
152373,146.81666666666666,185
152385,701.8666666666667,728
152386,31.05,45
152435,5.15,14
152457,835.8166666666667,887
152467,505.21666666666664,569
152473,1227.6666666666667,1312
152475,15.466666666666667,52
152478,215.08333333333334,230
152480,1843.6333333333334,1693
152496,1761.5833333333333,2487
152498,56.2,77
152500,1314.7833333333333,1331
152517,8.266666666666666,20
152563,211.3,230
152574,30.3,43
152582,0.0,1
152587,905.9166666666666,1084
152589,5.9,10
152594,2.283333333333333,15
152603,0.15,3
152660,1.4833333333333334,4
152662,727.7666666666667,788
152668,1011.2,753
152671,78.76666666666667,101
152674,219.16666666666666,276
152679,76.65,107
152680,636.4833333333333,845
152707,345.9,410
152719,159.61666666666667,113
152773,0.3833333333333333,4
152775,102.06666666666666,134
152778,316.56666666666666,360
152796,175.23333333333332,218
152815,1937.15,2326
152822,1.9333333333333331,3
152824,103.81666666666666,108
152826,114.88333333333333,116
152827,8.016666666666666,9
152828,228.9,294
152833,278.18333333333334,399
152834,52.81666666666667,66
152840,0.05,5
152876,1.0,2
152902,346.01666666666665,348
152945,3990.7166666666667,5588
152946,1987.5,3932
152961,474.5,548
152994,1461.85,1434
152998,32.65,63
153018,20.28333333333333,35
153019,3816.9,5250
153020,39.9,9
153021,12.883333333333333,34
153023,5.233333333333333,14
153026,0.1,2
153031,378.95,430
153032,141.31666666666666,167
153035,2.3166666666666664,3
153038,164.1,151
153040,0.0,1
153061,118.03333333333333,125
153066,77.96666666666667,86
153078,990.9333333333333,1057
153079,730.15,648
153087,9.15,13
153091,373.96666666666664,386
153097,78.33333333333333,97
153127,1076.1833333333334,1181
153137,15.033333333333333,36
153146,1.3,20
153169,48.916666666666664,23
153175,688.2166666666667,761
153199,0.4333333333333333,10
153275,224.71666666666667,314
153288,0.4166666666666667,13
153289,212.4,258
153292,2.1833333333333336,11
153294,34.333333333333336,71
153295,1.3333333333333333,22
153297,7.933333333333333,23
153298,1422.25,960
153360,298.1666666666667,237
153365,0.06666666666666667,2
153370,0.9333333333333333,9
153371,3.55,8
153373,85.96666666666667,138
153385,913.7,930
153406,707.25,923
153418,721.65,668
153479,509.8333333333333,525
153483,16.166666666666668,25
153489,3021.233333333333,2808
153492,1403.4833333333333,1300
153502,111.25,127
153508,129.16666666666666,132
153668,319.4166666666667,350
153675,914.3666666666667,878
153677,57.88333333333333,69
153740,3.466666666666667,17
153759,122.51666666666667,140
153767,96.38333333333333,108
153768,1691.6333333333332,1619
153770,151.8,177
153771,386.68333333333334,487
153789,25.683333333333334,52
153806,4244.133333333333,4637
153807,1325.7,3000
153821,0.5666666666666667,4
153826,32.88333333333333,43
153834,1038.2666666666667,1031
153844,335.6333333333333,435
153880,173.08333333333334,175
153885,51.5,125
153909,20.35,44
153919,7.5,9
153920,1222.9666666666667,1448
153986,33.083333333333336,38
153999,75.66666666666667,78
154061,3.0666666666666664,6
154070,0.11666666666666667,6
154091,741.0166666666667,1025
154093,329.8,316
154095,50.03333333333333,93
154096,1.5166666666666666,9
154098,4669.65,5331
154112,2692.45,3202
154114,1.2333333333333334,9
154118,299.7,300
154132,0.0,1
154134,0.26666666666666666,3
154135,11.966666666666667,20
154141,326.46666666666664,348
154148,50.45,60
154151,1374.4833333333333,1559
154153,0.16666666666666666,2
154154,334.5333333333333,657
154158,3779.5166666666664,4572
154160,107.98333333333333,158
154161,97.41666666666667,129
154162,32.95,154
154163,562.3333333333334,517
154164,0.36666666666666664,7
154165,4080.6833333333334,5557
154167,857.8166666666667,813
154168,866.9166666666666,1181
154169,1519.0666666666666,1706
154173,227.46666666666667,259
154176,98.1,109
154178,151.53333333333333,170
154203,112.6,122
154589,133.0,175
154606,299.6166666666667,305
154608,114.01666666666667,123
154610,103.26666666666667,109
154614,50.6,57
154632,60.88333333333333,80
154637,800.8833333333333,919
154641,88.18333333333334,99
154650,0.55,2
154652,677.7,703
154675,656.55,711
154679,1079.45,1210
154722,2640.2833333333333,1887
154725,27.183333333333334,39
154728,69.6,97
154729,733.7833333333333,673
154730,61.75,99
154731,238.33333333333334,318
154743,285.81666666666666,253
154747,94.85,147
154749,0.0,2
154757,72.38333333333334,128
154774,448.9166666666667,484
154778,2862.6,3125
154787,2.833333333333333,5
154794,0.55,3
154806,10.366666666666667,32
154807,214.11666666666667,363
154808,1479.0666666666666,1512
154820,0.41666666666666663,4
154829,59.81666666666666,78
154845,148.5,161
154856,866.2666666666667,945
154868,259.31666666666666,319
154871,21.4,41
154873,143.83333333333334,219
154880,0.0,1
154881,1448.6333333333334,1235
154882,608.85,646
154888,2433.5166666666664,2615
154930,119.55,187
154931,1305.6166666666666,1154
154934,989.9833333333333,822
154938,4350.516666666666,5114
154941,169.33333333333334,228
154947,526.4666666666667,400
154949,1190.6,1275
154953,1856.6666666666667,1954
154966,643.3666666666667,636
154967,1581.7166666666667,1309
154970,10.416666666666666,15
154971,7.833333333333333,22
154972,2134.483333333333,2013
154973,578.7166666666667,541
154974,366.7,324
154976,239.93333333333334,256
154977,1521.1,1533
154983,663.45,696
154986,1563.85,1627
154988,380.3666666666667,400
154989,535.2333333333333,811
154991,82.63333333333334,94
154992,527.2166666666667,635
154999,2451.1833333333334,2649
155002,134.58333333333334,163
155018,2489.0333333333333,1880
155022,0.05,2
155023,334.98333333333335,420
155026,1908.9833333333333,1771
155031,60.45,64
155036,250.86666666666667,320
155095,1154.7166666666667,1654
155102,0.1,6
155103,166.35,183
155107,909.1166666666667,1138
155108,19.833333333333332,45
155128,12.116666666666667,26
155132,2238.633333333333,2390
155140,265.45,296
155147,3136.4,4221
155150,1922.95,2088
155159,4230.083333333333,4229
155162,4084.8333333333335,6899
155170,104.8,126
155176,2517.0,3033
155177,893.7666666666667,1080
155181,6.9,135
155183,4614.233333333334,3505
155185,3086.2166666666667,3893
155207,18.65,38
155211,183.55,137
155214,807.3166666666666,1047
155220,0.55,4
155228,539.1833333333333,579
155229,3963.55,4289
155231,954.5166666666667,3996
155236,2677.65,4431
155237,340.98333333333335,475
155238,1320.2833333333333,1737
155240,416.1333333333333,358
155247,1832.4,1744
155250,835.1833333333334,855
155252,7.866666666666667,19
155253,1136.7333333333333,994
155257,373.26666666666665,378
155261,968.8666666666667,1025
155265,9.683333333333334,21
155266,1724.6833333333334,1952
155269,1.95,10
155273,26.95,38
155274,5932.416666666667,6874
155277,746.2166666666667,1149
155283,243.6,398
155299,485.0333333333333,150
155306,960.0833333333334,1070
155307,1.0499999999999998,6
155308,5.133333333333333,35
155309,0.85,12
155312,248.58333333333334,266
155316,7136.833333333333,8255
155320,71.48333333333333,88
155321,24.316666666666666,56
155370,3483.8,3543
155371,5680.483333333334,5145
155372,4124.95,4428
155373,5919.133333333333,5707
155375,4748.616666666667,4617
155376,1524.6,1236
155377,5140.833333333333,4888
155379,3544.483333333333,3471
155380,3075.133333333333,3156
155382,3645.85,3903
155383,6042.533333333333,4577
155386,2367.5166666666664,2173
155390,2697.983333333333,3172
155393,227.73333333333335,267
155394,5529.883333333333,4675
155395,3598.883333333333,3475
155396,2872.233333333333,2876
155397,1671.1833333333334,1644
155441,4037.616666666667,3833
155444,4225.433333333333,3999
155445,1934.75,2353
155446,5253.9,5019
155447,5585.4,7703
155467,327.05,368
155471,3891.0666666666666,3924
155472,1.65,15
155482,3232.5,2304
155486,2213.383333333333,1914
155492,3125.0666666666666,2883
155505,28.05,52
155518,482.43333333333334,550
155530,283.6666666666667,302
155540,40.75,24
155543,730.8333333333334,827
155564,5818.333333333333,5796
155574,33.266666666666666,76
155576,527.6666666666666,706
155577,931.1333333333333,1370
155579,1006.1166666666667,1131
155580,878.85,1444
155581,282.4,327
155584,447.73333333333335,585
155585,720.35,762
155586,829.6666666666666,1517
155587,1275.7666666666667,1320
155588,940.1,1654
155589,72.25,149
155590,305.35,330
155591,1611.7833333333333,1615
155592,0.3,7
155593,885.2333333333333,590
155594,1439.2333333333333,1698
155595,1465.4833333333333,1494
155596,0.0,1
155597,2759.616666666667,3800
155598,532.9166666666666,678
155599,464.21666666666664,497
155601,6.516666666666667,88
155602,0.13333333333333333,4
155619,44.266666666666666,46
155646,45.93333333333333,62
155651,16.55,21
155664,2314.7166666666667,2729
155670,777.4,1392
155671,73.61666666666667,41
155673,30.716666666666665,64
155680,2672.95,3461
155681,813.8333333333334,647
155712,1988.75,2029
155726,225.68333333333334,228
155729,9243.533333333333,9606
155743,271.4,394
155744,1497.8666666666666,1522
155746,848.75,1068
155747,545.6,388
155874,1549.9666666666667,1723
155907,71.25,85
155908,103.8,148
155915,62.05,108
155916,141.08333333333334,249
155922,0.0,1
155924,123.35,146
155927,115.05,128
155931,0.8666666666666667,3
155963,68.0,79
155984,65.05,87
155985,5178.85,5995
155987,5899.316666666667,7946
155990,20.3,56
155991,1061.65,1153
155996,6517.216666666666,7090
155999,313.55,444
156000,6049.5,6629
156007,911.0666666666667,939
156026,229.5,266
156043,1.5,8
156058,288.35,278
156060,4.4,10
156063,66.53333333333333,96
156064,274.4166666666667,369
156067,183.16666666666666,177
156070,75.53333333333333,88
156110,253.26666666666665,303
156135,60.31666666666666,64
156154,85.33333333333333,101
156173,1.1666666666666667,6
156236,5.2,19
156240,1869.55,2570
156241,120.2,143
156246,135.4,216
156247,350.48333333333335,372
156251,2439.4166666666665,2187
156256,0.0,1
156261,631.6833333333333,720
156262,75.96666666666667,97
156265,271.5,507
156273,42.483333333333334,48
156334,0.6833333333333333,2
156339,83.16666666666667,92
156364,2657.616666666667,3446
156368,0.55,15
156381,623.45,1016
156382,206.46666666666667,308
156386,363.95,428
156387,552.65,579
156391,1707.5166666666667,1900
156409,263.93333333333334,292
156421,501.53333333333336,808
156451,451.6333333333333,403
156458,143.65,149
156467,775.7,802
156470,332.9,343
156490,274.76666666666665,307
156493,100.08333333333333,144
156499,1100.6,1238
156503,648.85,792
156505,4578.116666666667,5698
156506,260.73333333333335,335
156507,1680.8666666666666,1955
156518,497.18333333333334,624
156538,91.06666666666666,106
156545,515.35,556
156550,2.2666666666666666,5
156552,0.16666666666666666,2
156568,1.2,4
156582,18.483333333333334,40
156585,1216.25,1593
156594,171.13333333333333,305
156598,23.916666666666668,60
156599,6548.85,7929
156600,3130.75,3995
156602,737.3333333333334,896
156603,817.2166666666667,1228
156605,6.316666666666666,17
156607,3220.1,3484
156610,775.6333333333333,1136
156613,1252.95,1545
156622,1411.8833333333334,1447
156642,0.7166666666666667,6
156662,30.85,47
156664,356.15,464
156669,0.4666666666666667,7
156670,2.6,11
156674,25.75,47
156676,179.03333333333333,216
156678,70.81666666666666,76
156681,249.81666666666666,277
156694,360.5333333333333,416
156835,529.1,525
156853,550.4833333333333,654
156885,417.35,428
156888,457.0333333333333,535
156889,93.75,105
156922,40.05,49
156926,29.316666666666666,47
156932,114.65,98
156940,13.616666666666667,21
156950,0.41666666666666663,7
156952,2.416666666666667,36
156957,54.28333333333333,79
156958,1.5,8
156972,36.78333333333333,39
156973,61.31666666666666,87
156974,46.45,49
156975,71.98333333333333,76
156986,2.2333333333333334,12
156988,36.25,52
156990,32.46666666666667,35
156992,3.3666666666666663,5
157034,144.01666666666665,193
157038,8857.966666666667,9513
157039,37.983333333333334,42
157047,428.96666666666664,424
157049,324.0333333333333,310
157050,477.3333333333333,639
157051,185.53333333333333,169
157052,2078.0166666666664,1609
157053,44.36666666666667,63
157055,881.7666666666667,2153
157056,3004.3333333333335,3530
157057,1405.4,2100
157064,2152.7166666666667,2306
157075,0.5166666666666666,10
157095,0.0,1
157123,33.9,49
157125,64.53333333333333,126
157126,91.28333333333333,117
157132,94.15,104
157139,341.76666666666665,594
157144,1832.6499999999999,1931
157145,25.666666666666664,31
157146,6.366666666666667,28
157148,28.066666666666666,31
157156,30.683333333333334,39
157157,15.633333333333333,25
157162,268.46666666666664,283
157172,90.78333333333333,76
157173,38.68333333333333,54
157174,47.81666666666666,59
157186,36.733333333333334,146
157214,117.96666666666667,108
157226,74.46666666666667,78
157270,105.9,135
157279,170.31666666666666,1030
157281,40.55,63
157282,124.86666666666666,141
157286,11.75,13
157287,55.55,69
157296,44.5,47
157298,5.133333333333334,8
157299,9.166666666666666,12
157301,37.78333333333333,40
157302,90.2,67
157340,873.55,962
157341,1221.35,972
157363,855.9166666666666,1169
157365,403.43333333333334,605
157366,5627.616666666667,5124
157367,991.7,1396
157368,182.96666666666667,321
157369,415.31666666666666,739
157370,1400.3833333333332,2409
157372,8.466666666666667,154
157373,8.8,112
157374,236.68333333333334,327
157375,299.31666666666666,584
157376,145.5,452
157377,7.3999999999999995,20
157378,13.116666666666667,239
157379,396.81666666666666,517
157381,1314.4666666666667,1522
157383,246.71666666666667,543
157384,71.81666666666666,122
157385,14.2,222
157387,866.7333333333333,944
157390,276.8,362
157392,0.15,2
157395,305.6666666666667,309
157399,0.9333333333333333,6
157405,1065.6166666666668,864
157406,1043.0,1411
157407,1177.6333333333332,1549
157431,7.933333333333334,24
157441,1983.85,2426
157572,2352.133333333333,2827
157780,4065.3,4494
157792,239.75,158
157795,432.0833333333333,457
157804,5180.8,4855
157809,137.03333333333333,179
157825,143.3,99
157826,878.3333333333334,872
157827,49.25,59
157830,224.38333333333333,244
157832,2.3166666666666664,21
157833,1.7,10
157836,1073.5,842
157837,205.23333333333332,325
157838,10.833333333333334,26
157846,1670.95,1833
157847,25.783333333333335,44
157848,398.95,532
157849,1506.0166666666667,1772
157850,11.066666666666666,192
157851,979.7333333333333,1705
157902,890.05,957
157968,9531.6,11409
158001,6121.816666666667,5674
158011,0.2833333333333333,2
158025,0.25,2
158029,98.58333333333333,124
158033,1.1333333333333333,35
158049,0.0,1
158096,0.7833333333333333,5
158173,0.25,2
158351,3.966666666666667,6
158352,1628.6333333333332,772
158356,7023.5,5809
158359,1338.9833333333333,1564
158361,211.65,233
158367,1416.2166666666667,2038
158372,33.666666666666664,42
158373,791.9833333333333,1004
158374,300.71666666666664,184
158378,747.4166666666666,817
158379,9.166666666666666,29
158381,6128.416666666667,7044
158382,51.35,46
158384,1079.4333333333334,1258
158391,3873.45,3750
158394,3411.5666666666666,3775
158396,214.26666666666665,372
158397,721.9166666666666,791
158403,7.416666666666667,16
158412,755.25,921
158413,6388.3,7751
158415,4275.0,6115
158416,2345.733333333333,2642
158420,1091.3333333333333,1591
158422,24.25,40
158423,1264.7833333333333,1320
158431,2738.4,2446
158433,31.9,47
158435,0.1,3
158437,11890.983333333334,15141
158439,6046.566666666667,7433
158446,34.25,60
158447,2604.5333333333333,3562
158448,2902.7666666666664,3663
158453,2357.233333333333,2827
158457,2525.9333333333334,2442
158458,263.65,292
158459,3131.9666666666667,3168
158461,62.28333333333333,91
158462,0.2,2
158464,53.05,59
158466,80.13333333333333,120
158474,8.583333333333334,21
158478,5529.566666666667,6169
158492,2477.4166666666665,1624
158497,0.1,4
158503,2.9833333333333334,23
158506,276.46666666666664,314
158507,968.9166666666666,1304
158515,160.18333333333334,203
158516,3591.866666666667,3489
158522,4069.0333333333333,3992
158524,3287.4,4509
158527,139.81666666666666,101
158528,236.28333333333333,238
158535,7319.7,7440
158537,1509.4833333333333,1830
158539,2595.4666666666667,3211
158541,1600.4,1855
158543,2705.25,3338
158544,2423.45,3286
158545,6150.033333333334,7069
158546,48.28333333333333,51
158547,90.8,81
158551,2952.15,4383
158552,480.9166666666667,591
158559,135.5,97
158563,0.35,5
158564,351.76666666666665,279
158565,422.2,451
158567,3116.75,2812
158569,0.03333333333333333,3
158575,4778.066666666667,6834
158576,17.066666666666666,32
158578,564.1166666666667,990
158581,1.6,12
158583,235.23333333333332,271
158584,938.85,936
158596,609.8,810
158599,323.98333333333335,640
158600,1904.25,2369
158742,1217.7666666666667,1109
158755,4.833333333333333,8
158757,1103.4166666666667,1432
158762,80.05,86
158764,0.7166666666666667,9
158789,611.6833333333333,723
158813,58.88333333333333,76
158822,0.0,1
158838,4.183333333333334,7
158864,3541.633333333333,5347
158865,8050.516666666666,9957
158868,5052.933333333333,6746
158869,463.73333333333335,500
158871,10289.766666666666,12782
158876,1106.45,1952
158877,1140.55,1489
158878,2598.4166666666665,2921
158881,6071.616666666667,9297
158882,2953.7,3815
158883,6351.366666666667,7140
158888,1.0166666666666666,2
158889,4557.35,5028
158898,736.1666666666666,613
158903,0.0,1
158907,2066.1666666666665,2615
158912,5793.933333333333,6612
158917,1015.8666666666667,1331
158918,190.78333333333333,217
158920,17081.633333333335,18443
158923,4880.4,5164
158924,5932.45,7943
158925,4080.7666666666664,5001
158926,654.3,869
158927,40.46666666666667,72
158928,2984.4166666666665,3823
158929,192.43333333333334,274
158938,833.6333333333333,1013
158944,3890.383333333333,5218
158945,3440.1833333333334,3964
158947,4828.333333333333,5484
158950,0.0,1
158957,14.033333333333333,36
159047,1.2833333333333332,12
159053,182.53333333333333,303
159054,215.76666666666665,237
159055,97.73333333333333,209
159056,6.2,43
159057,991.8333333333334,1174
159058,1222.8166666666666,1183
159059,56.75,86
159060,507.0,499
159061,358.1666666666667,462
159062,94.46666666666667,109
159063,358.23333333333335,440
159065,1057.4333333333334,1261
159066,3.35,15
159068,139.11666666666667,280
159069,28.366666666666667,88
159070,1798.2,2015
159071,61.11666666666667,153
159072,179.9,342
159073,455.81666666666666,441
159074,140.63333333333333,230
159075,3.2333333333333334,7
159076,2050.4666666666667,2629
159077,1276.8166666666666,1368
159078,1661.2333333333333,2160
159079,496.3333333333333,692
159090,14.2,28
159162,12.416666666666666,23
159176,2539.633333333333,3435
159203,34.65,40
159204,10.783333333333333,19
159215,0.1,4
159220,0.35,7
159335,0.5833333333333334,4
159432,136.43333333333334,204
159447,841.3666666666667,883
159466,218.78333333333333,222
159507,549.3166666666666,699
159508,675.15,1016
159510,97.6,112
159511,568.4666666666667,689
159518,4040.116666666667,4895
159548,82.56666666666666,77
159550,40.45,75
159553,5794.933333333333,6468
159554,2358.383333333333,5241
159555,3.7,14
159556,27.933333333333334,36
159558,390.6666666666667,315
159598,28.416666666666668,36
159620,1217.6666666666667,1360
159622,3083.5166666666664,3531
159641,398.96666666666664,463
159650,858.8666666666667,1099
159651,0.0,1
159653,1073.1,1090
159655,2345.15,2484
159656,98.53333333333333,140
159679,1736.8333333333333,2443
159683,515.3,490
159684,152.28333333333333,174
159687,1630.4666666666667,1591
159688,5037.85,5722
159690,5799.5,6521
159691,4.883333333333333,9
159696,592.9833333333333,483
159747,1237.4666666666667,1609
159749,1849.7833333333333,2300
159750,9201.466666666667,10790
159751,2068.2,2463
159756,3817.3,4911
159761,126.89999999999999,164
159762,2897.5666666666666,1695
159772,239.13333333333333,300
159774,18.083333333333332,63
159775,3132.5333333333333,3903
159779,1239.3,1357
159780,62.43333333333333,78
159785,2087.0333333333333,2732
159786,317.93333333333334,361
159788,28.916666666666668,125
159790,282.05,259
159793,8046.366666666667,9254
159802,1095.0166666666667,1263
159804,1.1166666666666667,4
159836,389.5,415
159837,385.26666666666665,445
159838,64.05,66
159839,24.35,52
159840,0.2,6
159851,1024.45,1491
159858,557.2166666666667,1548
159860,11872.633333333333,13268
159861,9001.6,11000
159862,5617.816666666667,6546
159863,24763.88333333333,27987
159864,380.68333333333334,454
159889,646.7666666666667,1193
159890,372.78333333333336,798
159891,1204.0,2717
159892,16.566666666666666,28
159893,600.1333333333333,973
159894,315.05,489
159895,28.533333333333335,131
159896,194.38333333333333,301
159898,33.8,105
159899,107.75,126
159900,2310.4,1875
159901,51.13333333333333,103
159902,150.26666666666668,395
159903,307.9,820
159911,92.83333333333333,109
159914,6.533333333333333,3
159920,9.95,35
159922,0.15,4
159930,673.7833333333333,849
159933,129.96666666666667,150
159936,872.4,1149
159952,1187.7666666666667,1337
159954,9350.9,11492
159960,580.2833333333333,621
159967,2957.45,2895
159971,1823.9166666666667,1855
159992,457.18333333333334,607
159993,61.666666666666664,72
159995,1.15,4
160002,173.55,39
160003,1119.75,1273
160005,3048.0333333333333,3727
160017,319.1333333333333,331
160029,2176.1666666666665,2324
160037,100.33333333333333,210
160039,556.7,578
160041,1.4333333333333333,10
160046,66.73333333333333,67
160048,16.35,20
160050,67.85,98
160059,10.783333333333333,11
160060,7.15,10
160062,2.0,6
160063,6.066666666666666,7
160065,502.6333333333333,526
160067,297.73333333333335,375
160068,369.73333333333335,456
160069,0.2,2
160070,0.15,2
160071,0.0,1
160072,3593.4,3443
160073,1332.1,2248
160074,219.68333333333334,922
160075,60.449999999999996,63
160076,1171.1166666666666,1744
160080,217.4,265
160084,1919.5666666666666,2043
160086,1269.1333333333332,2748
160087,156.98333333333332,202
160088,98.39999999999999,152
160090,0.0,43
160091,313.43333333333334,502
160092,1603.1166666666666,1947
160093,154.48333333333332,309
160094,2007.1333333333332,2879
160096,3506.6,3094
160097,3160.5333333333333,3794
160098,71.55,694
160099,328.68333333333334,371
160100,779.75,742
160101,868.3333333333334,937
160102,59.016666666666666,69
160103,1555.3666666666666,1551
160104,576.45,639
160105,5383.016666666666,8135
160106,122.1,279
160107,3044.2,4148
160108,1052.4166666666667,1091
160109,1964.85,2698
160110,1689.1,1932
160111,1085.7,1453
160112,1468.9,1511
160113,9.633333333333333,12
160115,1527.9666666666667,2095
160118,18.816666666666666,24
160119,29.366666666666667,51
160121,846.4833333333333,862
160124,2854.0,2151
160127,0.2,2
160130,1852.0,2125
160133,14.75,44
160149,1.6833333333333333,34
160150,2495.1666666666665,1973
160151,48.5,117
160152,113.95,150
160154,182.20000000000002,126
160155,151.51666666666665,167
160156,40.81666666666666,59
160157,7.983333333333333,12
160158,29.6,46
160159,135.25,184
160160,0.03333333333333333,12
160162,79.38333333333334,30
160163,72.23333333333333,100
160164,14.45,34
160165,306.8333333333333,223
160166,4.616666666666666,35
160167,255.58333333333334,156
160168,175.73333333333332,204
160169,722.4333333333333,1963
160170,78.11666666666666,97
160171,137.4,175
160172,212.41666666666666,271
160173,1844.0333333333333,4906
160174,18.633333333333333,23
160175,814.75,1881
160234,25.95,59
160239,158.48333333333332,107
160250,7926.95,7712
160253,886.9166666666666,957
160254,1950.9,1911
160259,9535.25,10522
160261,0.3,2
160262,12.05,16
160264,123.58333333333333,125
160265,3373.05,4108
160272,3.9,9
160276,0.7833333333333333,7
160294,12.25,21
160296,44.11666666666667,59
160309,1860.6666666666667,1954
160332,659.5333333333333,670
160385,7745.033333333333,9418
160395,15.0,26
160398,671.6666666666666,903
160399,2827.5166666666664,3418
160400,2474.35,3048
160401,1213.9333333333334,1245
160402,2157.45,2515
160403,959.75,1005
160404,964.25,809
160405,662.7166666666667,687
160406,619.6,647
160407,441.5833333333333,458
160408,1631.85,1593
160409,747.9166666666666,796
160410,2502.7,2732
160411,1429.8166666666666,1493
160412,1640.7166666666667,1721
160413,527.25,505
160414,673.55,691
160415,2220.133333333333,2177
160416,1449.8666666666666,1585
160417,1492.2333333333333,1400
160418,697.2333333333333,790
160419,457.76666666666665,439
160420,571.95,585
160421,868.7333333333333,1057
160422,697.2,1111
160423,1241.2666666666667,1119
160424,905.6666666666666,831
160425,1015.55,1079
160426,561.2166666666667,617
160427,1130.95,1253
160428,793.65,888
160429,605.85,625
160430,671.3166666666666,825
160431,538.7166666666667,549
160432,795.0,872
160433,894.4,967
160434,753.1166666666667,790
160435,1168.8666666666666,1028
160436,1266.3333333333333,1647
160437,3745.35,3036
160438,682.6666666666666,780
160439,711.2666666666667,750
160440,1751.95,1697
160441,1044.2666666666667,1168
160442,1278.2666666666667,1438
160443,1932.4333333333334,2057
160444,1128.4833333333333,1183
160445,629.6833333333333,998
160446,684.2666666666667,701
160447,1090.4,1512
160448,1249.0666666666666,1268
160449,6972.45,6477
160450,509.8,552
160451,1828.2333333333333,1814
160452,734.45,864
160453,2228.483333333333,2191
160454,1669.5,1847
160455,3073.366666666667,3232
160456,1335.6333333333332,1348
160457,764.1,928
160458,281.4166666666667,394
160459,1728.0666666666666,1930
160460,453.85,469
160461,2029.8333333333333,1962
160462,435.48333333333335,563
160463,1146.95,1170
160464,602.3666666666667,647
160465,1841.4833333333333,1754
160466,995.8666666666667,1470
160467,665.15,664
160468,362.55,731
160469,3124.1833333333334,3023
160470,1028.0333333333333,1093
160471,2305.2,2360
160472,645.7166666666667,697
160473,2374.9333333333334,2756
160474,484.3833333333333,1013
160475,343.96666666666664,573
160476,1054.2833333333333,1191
160477,2461.35,2383
160478,1948.2166666666667,1894
160479,2513.1666666666665,2479
160480,593.3,599
160481,1259.1333333333332,1363
160482,716.3833333333333,742
160483,3569.016666666667,3238
160484,814.1,782
160485,1674.8333333333333,1995
160486,891.3333333333334,955
160487,1924.3,1849
160488,5.016666666666667,9
160492,341.56666666666666,322
160495,2018.5833333333333,2626
160499,1.0166666666666666,2
160506,0.03333333333333333,2
160507,605.2,746
160508,1458.9333333333334,3681
160509,3230.633333333333,3549
160510,462.5,568
160527,738.3166666666666,821
160529,1446.0,2989
160537,36.1,44
160539,6716.783333333333,8848
160540,278.98333333333335,356
160558,4888.466666666666,4571
160559,1682.6666666666667,1747
160567,963.1666666666666,934
160571,567.4666666666667,380
160576,73.0,84
160578,0.03333333333333333,6
160581,101.66666666666667,143
160582,13.933333333333334,29
160584,3181.8333333333335,3824
160588,165.2,90
160590,232.96666666666667,153
160594,611.0833333333334,963
160600,0.6833333333333333,4
160601,998.7833333333333,1201
160602,320.8833333333333,402
160603,4.1,21
160605,98.06666666666666,119
160606,637.8666666666667,886
160611,524.45,601
160618,0.6,2
160627,104.03333333333333,187
160633,2051.733333333333,2472
160637,2153.1,2751
160638,353.3666666666667,454
160642,16.716666666666665,33
160653,631.45,804
160668,19.316666666666666,29
160672,160.13333333333335,120
160673,176.5,222
160676,1006.0833333333334,1252
160677,643.1666666666666,631
160678,288.8666666666667,390
160679,298.15,252
160680,619.6666666666666,710
160681,352.09999999999997,392
160682,434.6666666666667,460
160683,379.6,508
160684,180.83333333333334,194
160685,69.88333333333334,161
160686,678.5833333333334,764
160687,619.6333333333333,674
160688,227.88333333333333,515
160691,999.0333333333333,987
160693,2072.7833333333333,2278
160694,23.349999999999998,30
160695,55.46666666666667,83
160696,3.966666666666667,17
160705,238.5,265
160709,4.05,5
160710,2430.9166666666665,2659
160712,0.0,1
160716,123.9,128
160719,0.21666666666666665,7
160720,1452.4166666666667,1959
160721,250.23333333333332,350
160724,316.71666666666664,318
160725,1257.2166666666667,1383
160729,4225.116666666667,6402
160736,557.2,1455
160737,1065.5833333333333,1218
160741,11.6,18
160743,1927.9666666666667,1560
160749,48.266666666666666,46
160750,2740.0833333333335,2780
160751,4056.133333333333,4616
160752,5592.033333333333,6007
160754,262.85,268
160755,590.1166666666667,560
160756,1408.3833333333332,1500
160757,740.1833333333333,1369
160759,5663.216666666666,6654
160760,61.86666666666667,105
160761,7617.016666666666,9274
160762,788.1333333333333,1602
160763,0.5833333333333334,17
160764,12116.7,15940
160765,5724.55,6076
160767,5298.483333333334,5249
160770,0.4,2
160771,266.65,340
160772,240.9,224
160773,1342.6166666666666,1829
160774,486.46666666666664,513
160775,281.4,286
160776,392.65,950
160778,18.333333333333332,31
160779,357.35,411
160780,2707.766666666667,2798
160781,6506.333333333333,11039
160782,1315.2,2013
160783,729.1,778
160785,2838.2166666666667,2854
160786,1599.65,1850
160787,3604.483333333333,4244
160788,155.03333333333333,190
160789,106.28333333333333,105
160790,2519.883333333333,2680
160801,846.35,976
160806,89.88333333333333,107
160811,0.25,3
160813,173.76666666666665,256
160818,36.416666666666664,69
160819,258.7833333333333,204
160820,431.75,452
160836,182.95,198
160837,112.91666666666667,159
160838,410.8833333333333,475
160839,1571.9333333333334,1575
160840,932.9166666666666,914
160841,797.3666666666667,872
160842,5507.766666666666,4647
160843,8522.383333333333,8052
160844,173.18333333333334,182
160845,229.05,274
160851,1455.95,1716
160853,85.53333333333333,66
160854,19.516666666666666,20
160857,3.25,8
160858,2535.0333333333333,3150
160860,1135.8166666666666,1183
160861,714.1333333333333,672
160874,5.7,15
160877,10.133333333333333,25
160880,7.816666666666666,15
160885,367.3666666666667,385
160888,506.28333333333336,94
160889,741.2166666666667,791
160890,152.35,178
160893,757.5833333333334,870
160894,1.0833333333333333,5
160895,55.78333333333333,135
160899,149.7,173
160903,313.25,382
160915,146.25,172
160916,178.41666666666666,193
160917,8.266666666666666,22
160926,355.2,538
160928,22.066666666666666,35
160930,76.85,91
160932,46.78333333333333,16
160937,104.55,130
160939,116.75,120
160942,218.8,227
160943,200.65,229
160949,3.05,17
160954,67.36666666666666,77
160959,413.3,527
160960,8.983333333333334,23
160962,113.08333333333333,58
160966,1779.3,1751
160967,1.0166666666666666,2
160972,136.08333333333334,182
160974,74.8,117
160975,199.9,252
160979,367.9166666666667,482
160980,281.51666666666665,351
160981,8.633333333333333,15
160985,66.71666666666667,77
160991,48.21666666666667,56
160992,291.73333333333335,262
160994,90.23333333333333,94
160995,128.1,130
161000,401.21666666666664,462
161005,0.0,1
161007,20.7,23
161008,32.0,34
161009,16.533333333333335,27
161011,72.65,72
161013,97.26666666666667,109
161014,29.316666666666666,32
161015,23.2,29
161016,1.0666666666666667,4
161019,528.0833333333334,600
161023,24.766666666666666,36
161032,16.433333333333334,8
161044,407.1333333333333,335
161045,0.0,1
161047,189.35,141
161050,3414.116666666667,3481
161052,267.1166666666667,237
161054,39.21666666666667,51
161055,86.8,94
161056,1557.0666666666666,2234
161057,0.08333333333333333,2
161058,26.483333333333334,37
161059,452.46666666666664,445
161067,580.1333333333333,521
161068,100.0,113
161069,301.5833333333333,326
161072,1.3333333333333333,7
161074,1472.35,2040
161076,31.383333333333333,41
161080,1.0166666666666666,2
161083,6.816666666666666,15
161085,8.966666666666667,43
161086,352.76666666666665,668
161087,815.4166666666666,746
161091,1.0166666666666666,2
161092,267.26666666666665,267
161094,320.9166666666667,284
161095,231.3,273
161099,4.516666666666667,9
161103,126.68333333333334,150
161106,349.46666666666664,346
161108,956.4166666666666,1233
161109,2.033333333333333,12
161110,1024.8,906
161112,5.45,10
161113,79.71666666666667,122
161114,906.8333333333334,1198
161116,2.0833333333333335,3
161122,41.166666666666664,52
161123,770.4833333333333,732
161125,4.3,7
161130,56.2,158
161137,14.549999999999999,19
161140,231.18333333333334,282
161141,1666.1166666666666,1899
161142,82.83333333333333,222
161143,195.25,481
161145,2263.616666666667,2424
161149,0.4166666666666667,12
161153,530.4166666666666,626
161154,294.3,486
161155,421.48333333333335,726
161156,51.43333333333333,127
161158,97.58333333333333,167
161159,71.16666666666667,80
161161,216.9,210
161163,67.8,98
161164,12.833333333333334,16
161170,242.45,467
161173,730.05,829
161174,6.066666666666666,10
161176,2.6333333333333333,10
161183,33.45,53
161188,146.03333333333333,154
161191,846.2666666666667,1012
161192,831.8833333333333,841
161194,803.65,819
161195,1174.7666666666667,1361
161196,37.18333333333333,19
161197,437.55,553
161201,93.28333333333333,87
161204,1635.45,1953
161205,298.25,394
161206,124.56666666666666,171
161209,3283.733333333333,4358
161211,28.416666666666668,32
161212,341.25,241
161213,626.55,158
161214,259.01666666666665,996
161215,661.35,693
161216,115.85,170
161218,5562.433333333333,5499
161219,1321.8166666666666,1016
161220,2662.5333333333333,2140
161222,18.683333333333334,15
161224,76.55,117
161225,1097.85,1420
161229,1095.1666666666667,1411
161233,303.18333333333334,397
161234,79.95,85
161235,203.9,295
161236,0.11666666666666667,2
161238,2314.6833333333334,3009
161239,889.4333333333333,875
161240,533.4166666666666,604
161241,7377.6,7874
161242,2745.5666666666666,3550
161244,6.683333333333334,177
161245,7.433333333333334,197
161246,1191.8666666666666,1126
161249,3627.1,3869
161251,229.43333333333334,294
161252,259.55,291
161255,246.25,286
161259,542.95,356
161266,129.86666666666667,136
161267,0.2,2
161268,306.55,366
161271,0.21666666666666667,5
161272,0.5666666666666667,6
161273,242.05,329
161279,32.28333333333333,34
161280,147.33333333333334,190
161281,129.7,218
161282,1926.2,1517
161283,89.16666666666667,101
161289,3077.483333333333,3045
161291,13.2,19
161292,19.65,23
161295,43.733333333333334,54
161298,514.65,637
161300,198.23333333333335,132
161303,35.733333333333334,46
161304,2100.6,2516
161305,19.616666666666667,34
161307,4359.55,3999
161312,0.8833333333333333,5
161314,1632.4833333333333,1696
161315,86.78333333333333,116
161316,242.66666666666666,178
161317,80.51666666666667,85
161318,4428.966666666666,4555
161319,2670.866666666667,3065
161320,458.51666666666665,473
161321,7644.883333333333,9574
161322,212.35,2206
161323,1466.4,1800
161324,852.35,1161
161325,4806.366666666667,4079
161326,3.6333333333333333,9
161330,2.8666666666666667,15
161332,581.2333333333333,644
161333,163.86666666666667,214
161336,20.9,30
161341,0.8666666666666667,4
161343,22.53333333333333,10
161344,735.9833333333333,926
161350,127.53333333333333,188
161357,369.0,525
161358,163.83333333333334,167
161361,626.9333333333333,625
161362,18.033333333333335,28
161363,171.41666666666666,194
161365,210.78333333333333,278
161367,124.36666666666666,152
161368,308.1666666666667,223
161370,133.3,167
161371,803.1833333333333,1240
161372,1991.6833333333334,1822
161373,26.483333333333334,42
161375,22.933333333333334,34
161376,877.8000000000001,561
161378,265.81666666666666,286
161379,1227.1166666666666,1806
161380,661.8666666666667,891
161384,10.016666666666666,14
161385,897.0666666666666,1077
161388,193.51666666666668,188
161394,5562.133333333333,6096
161395,275.26666666666665,463
161403,133.16666666666666,113
161404,97.31666666666666,118
161405,1368.9,1286
161409,36.266666666666666,45
161410,12.216666666666667,14
161413,145.95,191
161415,18.433333333333334,27
161416,75.41666666666667,111
161419,59.9,84
161421,0.23333333333333334,7
161423,18.333333333333336,15
161426,28.266666666666666,51
161428,124.68333333333334,325
161430,3.9,63
161432,523.6,320
161433,283.81666666666666,275
161440,391.28333333333336,283
161445,7.983333333333333,10
161446,182.54999999999998,124
161452,244.36666666666667,316
161453,327.45,229
161454,343.68333333333334,373
161456,5.633333333333334,136
161458,1975.9,2430
161459,61.166666666666664,135
161460,2459.616666666667,2824
161462,28.15,31
161464,1219.6666666666667,1797
161466,45.983333333333334,56
161479,922.3166666666666,1056
161481,2629.3166666666666,2154
161484,56.11666666666667,69
161488,0.05,3
161489,85.05,98
161490,1655.9,1767
161492,96.81666666666666,105
161495,14.266666666666666,12
161496,38.516666666666666,48
161497,363.26666666666665,480
161500,1434.4833333333333,1022
161501,1.2,34
161502,317.98333333333335,460
161503,27.666666666666664,33
161504,7.05,11
161510,1231.7833333333333,1884
161511,157.45,176
161516,318.1333333333333,246
161519,300.01666666666665,303
161522,531.2833333333333,840
161530,974.4166666666666,1284
161533,212.33333333333334,252
161537,139.25,149
161538,31.516666666666666,35
161539,85.4,70
161540,188.88333333333333,206
161541,310.26666666666665,316
161542,144.21666666666667,201
161545,275.1666666666667,308
161549,47.13333333333333,49
161550,577.05,581
161551,37.96666666666667,57
161552,1.3833333333333333,10
161555,229.68333333333334,153
161556,27.933333333333334,28
161559,0.3333333333333333,4
161560,70.25,77
161565,381.1333333333333,368
161571,166.43333333333334,182
161572,3736.6,4964
161596,367.5333333333333,390
161597,414.95,338
161598,1326.0,1871
161601,2252.2166666666667,2562
161603,1192.5833333333333,1097
161604,158.25,134
161605,4.883333333333334,13
161606,87.25,292
161608,3.0166666666666666,5
161609,213.05,381
161610,4.0,6
161611,1069.4166666666667,1312
161612,149.63333333333333,185
161613,33.483333333333334,81
161614,145.05,178
161616,621.45,724
161617,2725.9,3028
161620,65.96666666666667,91
161624,0.08333333333333333,5
161625,572.1333333333333,680
161626,40.7,59
161627,424.5,414
161631,0.5333333333333333,4
161634,0.3833333333333333,4
161636,67.0,85
161637,377.0833333333333,774
161638,3.25,6
161639,1937.5333333333333,1734
161640,0.6333333333333333,3
161642,0.016666666666666666,10
161648,1533.0166666666667,1955
161658,1.0,2
161664,1154.8666666666666,1639
161667,95.31666666666666,122
161678,0.45,2
161679,0.7333333333333333,3
161681,0.23333333333333334,8
161682,1.9500000000000002,11
161683,0.3833333333333333,4
161685,36.15,43
161695,45.31666666666666,64
161698,0.0,2
161700,39.75,42
161701,139.25,262
161702,204.25,185
161715,2.35,20
161718,21.15,39
161723,223.65,328
161725,12.966666666666667,16
161728,94.73333333333333,113
161732,326.35,377
161736,231.15,285
161737,583.85,591
161747,25.733333333333334,44
161753,302.0,277
161757,100.1,111
161775,0.2833333333333333,4
161776,1412.2666666666667,1734
161777,6373.6,7298
161778,7188.933333333333,7502
161779,4867.8,5461
161780,3366.45,3975
161781,7398.233333333334,8112
161782,4822.083333333333,5468
161783,1.2,6
161789,156.36666666666667,173
161793,642.6166666666667,542
161795,2645.85,2431
161798,47.13333333333333,61
161799,11.033333333333333,13
161800,72.4,98
161803,586.1833333333333,699
161805,59.75,104
161806,73.95,95
161809,330.95,395
161810,16.9,23
161811,744.7833333333333,1231
161812,20.15,17
161813,1423.4833333333333,2062
161814,488.3833333333333,684
161815,1372.4333333333334,1993
161816,350.43333333333334,592
161817,2.0166666666666666,9
161818,454.75,558
161820,118.71666666666667,156
161822,318.75,326
161824,244.16666666666666,300
161830,49.96666666666667,38
161832,1135.9833333333333,1126
161833,82.91666666666667,103
161835,1044.95,1182
161836,8.466666666666667,11
161838,0.48333333333333334,17
161840,142.15,214
161841,182.68333333333334,89
161844,998.2166666666667,943
161845,3300.5666666666666,2768
161846,55.8,74
161847,14.2,19
161851,490.06666666666666,480
161854,256.05,295
161856,103.8,153
161857,32.233333333333334,80
161858,15.366666666666667,37
161860,391.75,270
161862,307.2,356
161866,191.71666666666667,143
161867,20.35,42
161868,692.0666666666667,822
161871,335.3833333333333,280
161872,382.4666666666667,240
161874,9.566666666666666,18
161877,166.65,186
161880,1058.0,1054
161881,15403.233333333334,15676
161884,1769.15,867
161885,198.25,97
161886,1486.9166666666667,1795
161888,2751.95,2952
161889,10572.583333333334,12614
161890,4344.766666666666,7315
161891,9213.216666666667,9663
161892,3265.383333333333,4343
161893,786.0333333333333,798
161895,1576.55,1746
161897,416.18333333333334,435
161898,2260.9,2421
161904,20.233333333333334,22
161906,2280.35,2147
161907,221.38333333333333,152
161913,3277.75,4467
161915,2386.633333333333,2503
161917,454.8666666666667,496
161918,6.166666666666666,6
161919,297.06666666666666,276
161921,613.6,862
161926,505.31666666666666,624
161927,111.33333333333333,120
161928,58.03333333333333,46
161929,3844.75,4592
161933,10395.816666666668,11733
161934,85.91666666666667,37
161935,1025.2166666666667,1458
161939,11.7,15
161940,306.6666666666667,351
161942,82.43333333333334,109
161944,79.31666666666666,97
161945,216.43333333333334,271
161948,907.1833333333333,1122
161949,3.1833333333333336,6
161951,10.2,19
161953,4982.016666666666,5689
161954,3496.7833333333333,2274
161956,494.6,572
161957,606.2833333333333,717
161958,183.9,296
161959,525.9833333333333,589
161962,4.116666666666666,27
161964,965.8833333333333,1071
161966,131.53333333333333,188
161968,2393.0,2520
161969,248.98333333333332,301
161971,1719.5,2086
161973,265.73333333333335,348
161976,937.55,1200
161978,102.8,120
161986,48.86666666666667,65
161991,26.95,45
161994,126.0,154
161995,236.06666666666666,266
161998,24.433333333333334,30
161999,71.48333333333333,88
162000,246.13333333333333,247
162003,0.55,2
162004,1490.4833333333333,1976
162007,101.73333333333333,109
162016,1.0666666666666667,7
162019,19324.35,9854
162020,0.95,3
162023,145.5,177
162024,1665.4333333333334,1824
162025,2652.6833333333334,3007
162026,14.183333333333334,17
162027,3260.4333333333334,3056
162028,533.5,576
162029,25.3,30
162030,5922.116666666667,5332
162031,5253.15,5572
162033,1044.8333333333333,1176
162035,10.216666666666667,23
162037,86.23333333333333,94
162042,98.6,174
162045,160.91666666666666,206
162046,17.55,24
162047,535.9666666666667,441
162051,28.433333333333334,55
162052,0.06666666666666667,4
162054,1019.4833333333333,1238
162055,4.116666666666667,20
162056,31.016666666666666,33
162058,1.05,5
162060,75.58333333333333,20
162061,204.26666666666668,100
162068,63.36666666666667,69
162069,2.066666666666667,9
162070,698.6833333333333,832
162072,343.1333333333333,245
162078,1797.2833333333333,2647
162083,120.11666666666666,102
162085,84.36666666666666,102
162087,80.78333333333333,92
162088,1535.3,1652
162089,228.48333333333332,249
162090,340.45,339
162092,151.18333333333334,216
162093,24.1,36
162094,390.6,341
162095,245.35,280
162097,92.45,121
162103,152.83333333333334,183
162105,4432.716666666666,5042
162110,5339.883333333333,5545
162115,724.0,813
162119,463.1666666666667,525
162120,426.15,426
162133,0.19999999999999998,45
162134,936.9333333333333,828
162135,590.15,644
162136,518.6833333333333,545
162137,211.53333333333333,309
162141,244.7,246
162144,23.25,39
162145,147.1,241
162147,51.4,53
162148,889.5666666666667,1051
162149,106.95,119
162150,58.15,200
162153,238.13333333333333,280
162156,3881.5166666666664,3971
162158,600.1,785
162161,792.85,844
162163,13.233333333333333,30
162171,404.73333333333335,437
162173,830.1666666666666,915
162175,10.0,19
162177,1273.4166666666667,1633
162178,576.8833333333333,781
162179,38.016666666666666,43
162180,141.9,196
162184,0.06666666666666667,2
162188,27.366666666666667,30
162189,54.31666666666666,29
162190,87.65,111
162192,22.933333333333334,27
162194,2.6166666666666667,4
162203,1.0333333333333334,2
162204,1686.0833333333333,2002
162207,278.71666666666664,315
162208,62.55,79
162209,39.58333333333333,42
162214,17.6,23
162222,1385.5833333333333,1299
162223,369.01666666666665,123
162224,99.98333333333333,120
162225,498.21666666666664,519
162226,1531.55,1649
162227,201.6,261
162230,8.133333333333333,18
162232,52.38333333333333,75
162233,575.15,516
162234,68.2,85
162235,72.81666666666666,78
162237,66.75,84
162242,543.4833333333333,524
162244,2102.5,2329
162246,59.13333333333333,128
162247,450.18333333333334,385
162248,305.8,287
162249,262.68333333333334,286
162251,0.18333333333333332,4
162252,673.35,595
162254,67.58333333333333,76
162255,2100.383333333333,2898
162256,1021.4166666666666,1251
162257,3872.633333333333,5266
162258,71.65,131
162259,123.08333333333333,182
162260,130.41666666666666,98
162261,121.83333333333333,138
162262,101.93333333333334,459
162263,5076.05,5210
162264,788.6833333333333,1011
162265,2379.116666666667,2991
162266,7292.866666666667,8050
162267,12.116666666666667,13
162270,123.68333333333334,128
162276,262.1166666666667,315
162277,551.55,558
162278,105.55,190
162279,931.2,1425
162280,174.03333333333333,232
162283,5991.183333333333,7976
162284,1350.5,1662
162287,24.55,24
162289,74.11666666666667,35
162291,1008.5,1171
162292,678.3833333333333,601
162301,45.96666666666667,48
162303,1.1666666666666665,4
162305,95.73333333333333,111
162309,42.75,36
162316,310.9166666666667,352
162321,84.28333333333333,94
162327,34.55,54
162328,56.766666666666666,85
162333,387.1666666666667,411
162339,22.516666666666666,48
162341,88.93333333333334,112
162342,273.8666666666667,282
162343,473.01666666666665,532
162346,3820.5333333333333,4643
162349,0.0,3
162360,7990.5,8804
162361,4665.316666666667,4656
162362,5397.366666666667,5631
162363,818.6333333333333,1640
162364,963.35,1481
162367,1030.2333333333333,939
162368,2194.4666666666667,3481
162369,10164.633333333333,11039
162370,4493.35,5808
162371,929.5833333333334,898
162372,12.033333333333333,20
162373,4188.033333333334,5077
162374,390.75,436
162375,564.0166666666667,616
162376,94.9,128
162377,4793.3,5454
162379,853.5333333333333,868
162380,1570.0666666666666,2006
162381,4763.1,6048
162385,9.616666666666667,180
162386,2.9833333333333334,5
162387,1058.8,1430
162391,125.5,123
162392,314.1666666666667,358
162393,0.1,2
162394,2.716666666666667,7
162396,10.116666666666667,14
162397,65.23333333333333,84
162399,0.4833333333333333,6
162400,161.2,172
162401,356.81666666666666,362
162406,1317.5166666666667,1674
162410,23.53333333333333,146
162415,2102.45,3274
162420,203.65,253
162422,18.066666666666666,33
162424,93.13333333333333,118
162425,112.46666666666667,125
162426,162.08333333333334,180
162427,222.86666666666667,327
162430,1151.0333333333333,1787
162431,1396.7166666666667,1989
162434,4187.183333333333,4601
162436,7.016666666666667,21
162437,1.4333333333333333,6
162440,341.46666666666664,253
162448,155.8,229
162449,90.0,104
162450,57.016666666666666,62
162452,627.9666666666667,994
162453,3439.5166666666664,2980
162454,1488.3333333333333,3195
162455,633.0666666666666,920
162456,278.43333333333334,718
162457,598.85,2761
162458,62.15,481
162459,330.8333333333333,306
162460,122.61666666666666,329
162461,470.5333333333333,710
162462,3405.8,3333
162463,656.3166666666666,1123
162464,600.6666666666666,467
162465,868.4666666666667,1358
162467,924.0666666666666,1065
162468,4164.233333333334,5802
162469,2.9333333333333336,12
162471,4.016666666666667,5
162472,44.81666666666666,46
162474,607.5,459
162475,60.28333333333333,68
162477,1344.6666666666667,1175
162479,196.31666666666666,206
162485,879.95,1144
162486,64.3,148
162488,37.6,45
162489,1432.0833333333333,2350
162491,132.0,159
162492,259.03333333333336,276
162493,13.35,15
162498,0.08333333333333333,2
162505,201.85,246
162507,5133.05,5994
162511,11.05,13
162512,26.133333333333333,66
162514,3897.983333333333,4397
162522,2.3333333333333335,7
162526,156.46666666666667,165
162527,149.6,190
162529,49.18333333333333,58
162530,680.7833333333333,637
162532,3006.1,3701
162533,129.71666666666667,133
162534,8.85,15
162535,47.583333333333336,308
162536,811.9333333333333,935
162537,159.33333333333334,125
162538,669.1,456
162540,0.23333333333333334,4
162544,3.4833333333333334,9
162546,1.1166666666666667,15
162549,230.63333333333333,251
162550,860.8833333333333,885
162551,0.9666666666666667,2
162552,5.816666666666666,12
162555,89.88333333333333,100
162556,205.05,235
162557,279.01666666666665,337
162558,0.7166666666666667,9
162559,150.85,162
162562,33.9,90
162563,0.08333333333333333,2
162565,24.483333333333334,53
162567,258.6,266
162568,62.28333333333333,66
162569,66.73333333333333,103
162573,0.41666666666666663,11
162574,0.5,5
162581,8.75,14
162583,0.6833333333333333,6
162585,9.799999999999999,19
162587,47.68333333333333,93
162588,383.5833333333333,406
162589,84.48333333333333,78
162590,159.61666666666667,233
162591,0.1,2
162595,2641.95,3514
162596,51.13333333333333,61
162599,3553.4166666666665,4049
162600,804.5666666666667,1003
162601,14063.55,15178
162602,15.1,27
162603,301.73333333333335,914
162604,168.31666666666666,365
162605,234.75,294
162606,794.3333333333334,1194
162607,170.2,137
162608,523.0666666666666,558
162609,947.35,894
162610,122.8,134
162611,2835.35,2761
162612,993.0833333333334,1338
162613,17477.933333333334,18263
162614,861.6166666666667,1369
162615,98.95,122
162616,2339.4,2999
162617,5174.683333333333,5449
162618,1505.8333333333333,1467
162620,960.9333333333333,987
162621,1289.4833333333333,3775
162623,8.116666666666667,10
162624,1365.0333333333333,2335
162627,740.2,2002
162628,10349.133333333333,9772
162629,329.1333333333333,861
162630,4748.216666666666,5275
162631,1887.0166666666667,1771
162632,1268.2166666666667,1279
162633,456.26666666666665,627
162634,1080.5333333333333,1607
162635,701.2333333333333,540
162636,334.9166666666667,1104
162637,1331.5833333333333,1524
162638,246.78333333333333,272
162639,103.58333333333333,115
162640,513.2666666666667,576
162641,97.93333333333334,93
162642,501.43333333333334,426
162644,34.63333333333333,56
162645,8698.583333333334,9560
162646,421.4,428
162650,615.3,822
162652,173.16666666666666,198
162653,535.8166666666667,652
162654,35.78333333333333,60
162655,540.5333333333333,654
162658,936.9166666666666,579
162663,100.95,128
162664,1269.0833333333333,1516
162665,17.2,36
162666,112.71666666666667,160
162668,0.06666666666666667,2
162669,22.083333333333332,38
162670,980.4166666666666,1183
162672,302.75,325
162675,3291.5,3909
162676,0.8500000000000001,3
162677,26.933333333333334,28
162680,40.916666666666664,95
162682,101.48333333333333,77
162685,3512.6,5433
162693,9.666666666666666,14
162694,165.23333333333335,133
162697,38.583333333333336,51
162699,341.5,349
162700,4082.116666666667,5447
162705,0.23333333333333334,4
162707,4.983333333333333,9
162708,391.46666666666664,521
162710,7.466666666666667,15
162712,181.10000000000002,102
162713,4815.916666666667,6175
162714,134.68333333333334,159
162717,114.5,34
162720,92.6,158
162722,299.55,365
162726,0.016666666666666666,7
162728,393.4,431
162729,4720.733333333334,6584
162731,1512.9166666666667,1845
162732,258.5833333333333,249
162738,129.83333333333334,216
162739,122.38333333333333,144
162740,2958.45,3364
162744,400.8,1361
162745,3929.883333333333,4729
162747,46.56666666666666,53
162751,161.76666666666665,117
162752,514.55,684
162753,1467.2666666666667,770
162755,1879.7333333333333,3058
162759,1763.5333333333333,3041
162761,2576.766666666667,1867
162763,94.58333333333333,128
162765,1.45,8
162766,27.3,38
162768,83.83333333333333,103
162771,84.25,88
162775,152.51666666666665,278
162777,1.4333333333333333,16
162779,66.65,94
162780,0.08333333333333333,2
162781,420.31666666666666,1013
162785,5.616666666666666,7
162787,2953.3,3252
162788,4156.133333333333,4937
162789,2929.4666666666667,3543
162791,1281.75,1109
162796,1551.5833333333333,2094
162797,410.8,497
162798,6.216666666666667,21
162804,12426.25,6175
162808,90.51666666666667,142
162809,577.55,630
162810,197.26666666666668,222
162812,39.71666666666667,14
162815,1542.3333333333333,1841
162821,37.86666666666667,46
162824,88.25,94
162826,7.8999999999999995,20
162832,39.56666666666666,34
162833,42.166666666666664,89
162835,6110.9,10169
162840,387.1333333333333,409
162842,128.0,200
162844,38.916666666666664,44
162846,91.28333333333333,75
162847,161.33333333333334,291
162849,34.583333333333336,47
162852,29.8,35
162854,549.6166666666667,544
162855,164.31666666666666,185
162859,0.1,2
162861,507.9166666666667,400
162863,444.5833333333333,569
162868,280.75,363
162869,55.55,99
162871,289.55,448
162872,36.0,40
162876,446.75,452
162879,1019.8666666666667,857
162880,231.68333333333334,241
162887,103.13333333333334,110
162890,89.3,171
162891,1680.05,1798
162892,0.3666666666666667,4
162900,2076.9333333333334,2361
162901,3087.65,3174
162902,26.53333333333333,36
162904,47.75,71
162905,140.68333333333334,280
162907,628.4833333333333,711
162913,907.7666666666667,1285
162914,108.66666666666667,162
162915,0.4,2
162918,45.583333333333336,65
162919,730.2666666666667,496
162920,1.25,8
162921,144.1,172
162922,776.2666666666667,868
162923,3676.75,5040
162925,45.46666666666667,60
162927,8.533333333333333,12
162928,12.966666666666667,15
162929,0.0,1
162930,5533.816666666667,7280
162931,0.0,1
162932,544.0166666666667,682
162933,4.466666666666667,11
162934,7.516666666666667,13
162935,1.0,3
162936,83.61666666666667,39
162937,2048.5833333333335,2342
162938,70.7,37
162939,129.26666666666668,149
162940,10.5,135
162941,32.61666666666667,24
162942,1038.4166666666667,1372
162943,40.86666666666667,69
162945,1.0333333333333334,2
162946,4483.833333333333,4743
162947,109.4,134
162948,8.566666666666666,12
162949,4.716666666666667,16
162950,113.05,115
162951,0.1,2
162952,1.0166666666666666,2
162954,104.11666666666666,126
162955,184.9,244
162956,14.883333333333333,31
162957,24.25,32
162958,794.2666666666667,814
162960,5.4,10
162962,45.916666666666664,55
162963,2.9,18
162964,9.2,13
162965,6963.516666666666,7015
162966,67.86666666666666,78
162968,14.183333333333334,18
162969,1900.3833333333332,2700
162970,28.783333333333335,16
162972,24.25,39
162973,389.3333333333333,526
162974,11.233333333333334,12
162975,10.116666666666667,23
162976,0.9333333333333333,3
162978,51.53333333333333,73
162979,0.6833333333333333,3
162980,6.866666666666666,8
162982,6.116666666666666,12
162984,14.733333333333334,24
162985,4.683333333333334,11
162986,595.5,577
162987,1617.7333333333333,1995
162988,906.0166666666667,1303
162989,100.81666666666666,174
162990,99.73333333333333,143
162991,94.8,109
162995,2370.2833333333333,2864
162996,41.36666666666667,44
162998,0.0,1
162999,103.33333333333333,114
163000,0.05,2
163001,221.56666666666666,242
163002,394.05,571
163004,12.75,38
163005,6.616666666666667,130
163007,158.63333333333333,209
163008,424.96666666666664,665
163009,58.016666666666666,208
163010,560.8666666666667,617
163011,337.3333333333333,378
163012,1310.6,1405
163013,452.4,476
163014,977.5666666666666,768
163018,155.03333333333333,259
163019,250.51666666666668,256
163021,68.01666666666667,189
163022,172.41666666666666,193
163024,3667.75,4552
163025,238.5,257
163026,20.066666666666666,37
163028,1.5166666666666666,5
163029,1158.05,1369
163030,1.6166666666666667,4
163031,75.3,118
163032,59.11666666666667,65
163033,16.516666666666666,25
163034,919.6333333333333,1498
163036,150.43333333333334,204
163037,1374.75,1561
163038,64.3,98
163039,161.35,175
163040,1758.3833333333332,1982
163041,347.85,416
163044,0.9833333333333333,5
163045,0.9333333333333333,3
163046,108.08333333333333,140
163048,78.08333333333333,122
163049,21.833333333333332,37
163051,851.8333333333334,1084
163052,372.46666666666664,814
163053,74.83333333333333,124
163055,316.7,331
163058,1411.75,1805
163059,57.81666666666666,88
163060,634.45,727
163061,39.166666666666664,45
163062,110.91666666666666,106
163063,228.8,200
163064,376.5,509
163067,405.51666666666665,447
163068,313.1166666666667,374
163069,0.7333333333333334,4
163070,1.2,4
163071,95.36666666666667,89
163073,155.51666666666668,163
163074,1.5166666666666666,14
163077,250.5,253
163078,15.416666666666666,21
163080,3.8166666666666664,12
163081,89.91666666666667,120
163082,89.33333333333333,167
163083,140.48333333333332,120
163086,110.7,131
163087,238.28333333333336,198
163088,1.4166666666666667,4
163089,0.38333333333333336,2
163090,571.8666666666667,755
163091,0.9833333333333334,8
163093,31.7,55
163094,446.81666666666666,689
163095,562.0833333333334,715
163097,14.8,17
163098,52.833333333333336,58
163099,174.76666666666665,228
163101,25.166666666666668,35
163103,2926.6666666666665,3187
163104,177.9,146
163108,0.11666666666666667,2
163111,226.63333333333333,323
163112,3.45,10
163113,376.96666666666664,505
163114,12.533333333333333,16
163115,4647.266666666666,5489
163116,6.316666666666666,13
163117,402.46666666666664,467
163118,732.65,934
163119,9815.15,6781
163121,26.316666666666666,28
163122,0.1,2
163123,1540.6,1436
163125,3463.0833333333335,5579
163126,544.5166666666667,673
163127,783.2333333333333,729
163128,20.733333333333334,31
163130,956.5166666666667,1033
163131,23.75,10
163132,187.25,243
163134,0.43333333333333335,4
163136,9.533333333333333,15
163137,179.41666666666666,242
163138,0.36666666666666664,7
163139,32.25,61
163140,85.76666666666667,78
163141,5206.65,5374
163142,451.71666666666664,504
163143,53.81666666666666,69
163144,974.35,1150
163145,259.3,274
163147,0.16666666666666666,2
163148,1907.0,2357
163150,12.516666666666667,14
163151,12.15,13
163153,623.9,1711
163154,5.066666666666666,8
163155,0.6333333333333333,4
163156,0.4,2
163157,130.73333333333332,154
163158,26.96666666666667,33
163159,1411.5333333333333,1659
163160,378.73333333333335,259
163161,540.7,632
163162,0.4166666666666667,2
163163,35.21666666666667,59
163164,939.6333333333333,1696
163166,0.9333333333333333,4
163167,1.35,33
163168,80.31666666666666,99
163169,79.43333333333334,74
163170,148.41666666666666,108
163171,26.166666666666664,64
163172,3733.5,5485
163173,180.76666666666668,221
163177,87.86666666666666,123
163178,282.46666666666664,308
163179,56.95,61
163180,4734.283333333334,4991
163181,0.0,4
163183,21.883333333333333,32
163184,0.0,1
163186,51.483333333333334,56
163187,2086.25,2434
163188,162.9,181
163189,238.21666666666667,259
163190,0.2,2
163191,58.266666666666666,82
163192,1.3333333333333333,7
163193,0.0,1
163195,53.93333333333333,57
163196,1.4166666666666667,9
163197,46.733333333333334,64
163198,219.93333333333334,270
163199,441.5,494
163200,34.233333333333334,67
163201,91.4,170
163202,1.6833333333333333,7
163204,1521.2666666666667,1172
163205,2043.1666666666667,2752
163207,7.0,12
163210,1.5833333333333335,6
163211,645.0333333333333,705
163213,53.13333333333333,62
163214,988.15,1138
163215,229.23333333333332,277
163216,132.15,148
163218,306.1666666666667,1323
163219,1380.5,1826
163221,3.6,18
163224,754.3666666666667,937
163225,28.55,53
163226,756.45,1097
163228,104.28333333333333,426
163230,99.56666666666666,573
163231,402.56666666666666,435
163232,418.7833333333333,567
163233,6.283333333333333,33
163234,77.55,120
163237,117.13333333333333,129
163238,52.68333333333333,66
163239,79.91666666666667,87
163241,13.416666666666668,30
163242,199.28333333333333,237
163244,10.183333333333334,13
163245,353.6,361
163247,731.9,928
163248,177.33333333333334,290
163251,83.0,94
163253,0.0,1
163255,400.5333333333333,428
163257,103.66666666666667,147
163258,3.5999999999999996,12
163260,42.766666666666666,42
163261,426.4,332
163262,151.08333333333334,190
163263,382.25,360
163264,0.4666666666666667,2
163265,45.1,59
163266,2.2666666666666666,31
163267,239.1,279
163268,73.39999999999999,84
163269,0.7666666666666666,6
163270,79.65,83
163271,11.266666666666666,21
163272,1493.45,1941
163273,62.56666666666666,70
163274,185.48333333333332,219
163275,0.4666666666666667,5
163276,526.2666666666667,789
163277,309.21666666666664,332
163279,128.85,192
163280,267.85,343
163281,71.13333333333333,96
163282,0.6666666666666666,2
163283,64.96666666666667,86
163284,334.48333333333335,396
163286,92.03333333333333,101
163287,55.63333333333333,73
163288,2.0166666666666666,11
163289,24.933333333333334,35
163291,348.3,385
163292,9.783333333333333,14
163293,157.06666666666666,237
163294,143.28333333333333,179
163295,83.96666666666667,131
163296,1227.9666666666667,1511
163297,838.65,1117
163298,214.65,196
163299,617.4333333333333,854
163300,21.366666666666667,11
163301,27.733333333333334,34
163302,11.3,211
163303,31.65,21
163304,495.96666666666664,744
163305,282.9666666666667,256
163306,56.68333333333333,57
163307,1.6333333333333333,7
163308,44.75,54
163309,53.61666666666667,124
163310,69.43333333333334,80
163311,183.81666666666666,211
163312,1419.2166666666667,1930
163313,26.6,34
163314,27.316666666666666,30
163316,68.98333333333333,108
163317,0.0,1
163318,63.2,83
163319,13.166666666666666,19
163320,157.08333333333334,155
163321,0.0,2
163322,91.48333333333333,91
163323,1260.7166666666667,1331
163324,17.35,24
163326,116.58333333333333,132
163327,45.983333333333334,47
163328,126.95,133
163329,13.266666666666666,27
163330,5.383333333333334,30
163331,2.1166666666666667,10
163332,77.18333333333334,87
163333,201.88333333333333,222
163334,18.15,41
163335,44.38333333333333,45
163336,266.73333333333335,279
163338,252.83333333333334,276
163339,15.75,18
163340,825.7666666666667,973
163341,162.16666666666666,185
163342,45.6,53
163344,95.75,146
163345,108.76666666666667,111
163346,258.8666666666667,210
163347,170.08333333333334,214
163348,171.2,171
163349,49.949999999999996,59
163351,1725.7833333333333,1913
163352,276.46666666666664,304
163353,18.2,20
163354,166.96666666666667,237
163355,7.6,25
163356,2579.1666666666665,5512
163357,44.016666666666666,48
163358,233.71666666666667,193
163359,8.116666666666667,9
163361,19.016666666666666,41
163362,2112.483333333333,2864
163364,0.9333333333333333,13
163365,81.35,83
163367,75.53333333333333,102
163368,1209.4333333333334,1129
163370,0.0,1
163371,31.28333333333333,45
163372,0.23333333333333334,3
163373,157.03333333333333,208
163375,221.14999999999998,215
163376,670.4166666666666,657
163378,327.3833333333333,252
163379,150.81666666666666,126
163380,75.91666666666667,118
163382,110.38333333333333,120
163383,197.75,181
163384,34.166666666666664,65
163387,3816.3333333333335,4099
163389,717.4333333333334,947
163390,21.833333333333332,44
163392,92.31666666666666,146
163394,1.4166666666666665,3
163395,24.3,31
163396,0.08333333333333334,7
163397,1899.7666666666667,2067
163398,164.28333333333333,173
163399,410.01666666666665,438
163400,371.18333333333334,401
163401,170.15,197
163402,398.8833333333333,426
163403,462.26666666666665,544
163404,6.533333333333333,19
163405,428.05,457
163406,127.05,138
163407,328.1333333333333,366
163408,268.6333333333333,323
163409,341.93333333333334,382
163410,200.03333333333333,213
163411,172.15,195
163412,184.73333333333332,200
163413,129.96666666666667,144
163416,339.25,347
163417,205.85,224
163418,324.23333333333335,344
163419,113.85,131
163420,164.08333333333334,176
163421,35.96666666666667,41
163422,197.96666666666667,240
163423,157.36666666666667,164
163424,237.03333333333333,241
163425,185.76666666666668,219
163427,77.28333333333333,84
163429,117.51666666666667,131
163430,209.28333333333333,267
163431,243.66666666666666,283
163432,158.65,170
163433,15.833333333333334,27
163434,200.23333333333332,216
163435,79.0,96
163436,458.3833333333333,476
163437,30.03333333333333,62
163438,381.21666666666664,411
163439,18.833333333333332,25
163440,275.6,301
163441,10.45,18
163442,262.8333333333333,281
163443,170.51666666666668,334
163444,98.16666666666667,120
163446,466.6333333333333,483
163447,277.03333333333336,301
163448,313.6666666666667,332
163449,301.25,327
163450,209.46666666666667,219
163451,365.01666666666665,542
163452,494.25,519
163453,163.86666666666667,188
163454,94.96666666666667,267
163455,131.79999999999998,146
163456,428.21666666666664,485
163457,117.26666666666667,108
163458,150.13333333333333,159
163459,28.5,325
163460,537.9833333333333,537
163461,53.36666666666667,81
163462,0.8333333333333334,3
163463,262.26666666666665,262
163464,0.7833333333333333,2
163465,180.68333333333334,229
163466,380.45,467
163467,575.2,730
163469,277.1,321
163470,164.35,207
163473,373.41666666666663,343
163475,421.65000000000003,184
163476,1532.2833333333333,1526
163477,247.85000000000002,135
163478,2024.75,1743
163479,98.6,143
163480,0.36666666666666664,7
163488,0.08333333333333333,2
163489,746.45,919
163490,406.8833333333333,577
163491,4.3,11
163493,4286.166666666667,5378
163494,2.2333333333333334,8
163499,358.6333333333333,500
163500,1069.5333333333333,868
163503,0.25,3
163504,195.01666666666665,520
163505,52.65,64
163509,268.05,318
163510,25.433333333333334,30
163511,10.083333333333334,14
163512,235.8,238
163513,9.95,15
163522,76.98333333333333,114
163523,488.95,733
163524,527.0333333333333,504
163526,243.13333333333333,173
163527,1361.4,1546
163528,17.333333333333332,24
163529,140.81666666666666,245
163532,1.3333333333333335,4
163533,44.28333333333333,69
163534,24.416666666666668,59
163535,270.96666666666664,320
163536,440.0,564
163537,3461.5166666666664,3117
163538,8.033333333333333,26
163540,187.71666666666667,214
163541,63.666666666666664,83
163543,9.8,19
163544,371.48333333333335,382
163545,1194.3166666666666,1263
163546,525.05,652
163547,2326.133333333333,2922
163548,421.8666666666667,422
163549,0.48333333333333334,2
163550,33.21666666666667,39
163551,37.21666666666667,45
163552,158.73333333333332,206
163553,56.71666666666667,56
163554,729.3833333333333,925
163555,300.03333333333336,370
163556,206.95,277
163557,752.6,1200
163558,349.2,367
163559,154.75,81
163561,24.85,20
163562,91.06666666666666,117
163564,19.5,22
163565,521.1333333333333,664
163566,338.56666666666666,400
163568,4902.833333333333,6309
163569,11.016666666666667,21
163570,1241.0166666666667,1277
163571,1.9333333333333333,4
163572,34.666666666666664,40
163573,96.05,125
163575,446.73333333333335,622
163577,0.0,1
163579,9.083333333333334,13
163580,4246.666666666667,4183
163581,2287.6666666666665,2808
163582,2417.5,2292
163583,3673.1,4078
163584,4642.533333333334,4398
163585,571.2833333333333,1121
163586,1550.7666666666667,2127
163587,748.4166666666666,1179
163588,5375.45,5393
163589,521.4833333333333,849
163590,2480.7166666666667,3387
163591,2963.133333333333,3922
163592,3042.7166666666667,3122
163593,3723.9666666666667,3950
163594,5137.133333333333,5808
163595,3412.766666666667,2972
163596,2991.2166666666667,3890
163597,2909.1666666666665,3431
163598,1378.8666666666666,1613
163599,803.9833333333333,947
163600,587.65,1097
163601,1264.6333333333334,1575
163602,8806.866666666667,8647
163603,4876.2,4121
163604,1274.1166666666666,1751
163605,1445.8666666666666,1838
163606,3408.9,3702
163607,1533.4166666666667,1600
163608,811.1333333333333,1039
163609,3282.3166666666666,3929
163610,82.75,86
163611,1.2666666666666666,5
163612,75.76666666666667,115
163614,4244.116666666667,4304
163617,126.48333333333333,241
163618,2678.5166666666664,2692
163626,0.0,1
163631,4.416666666666666,11
163650,0.48333333333333334,2
163657,150.95,163
163658,0.0,1
163671,3.25,10
163676,268.0,323
163678,1.1166666666666667,6
163679,3.433333333333333,30
163681,0.23333333333333334,2
163682,13.733333333333334,16
163683,0.7666666666666667,2
163684,32.916666666666664,49
163685,0.85,2
163687,0.0,1
163688,7.266666666666667,103
163692,222.4,630
163693,316.56666666666666,365
163694,0.11666666666666667,2
163697,199.66666666666666,295
163698,124.78333333333333,174
163700,898.8666666666667,1107
163701,122.4,126
163702,34.88333333333333,59
163703,77.6,70
163704,13.5,21
163705,6.116666666666667,10
163707,17.9,14
163709,59.416666666666664,78
163710,887.2833333333333,940
163711,0.6,2
163712,127.38333333333334,150
163714,68.95,115
163715,35.56666666666667,46
163717,127.16666666666667,152
163718,86.81666666666666,126
163719,0.26666666666666666,3
163720,5.133333333333333,13
163721,377.31666666666666,287
163722,15.5,46
163723,109.2,132
163724,40.03333333333333,54
163725,91.98333333333333,115
163726,990.6833333333333,1280
163729,126.7,98
163732,81.58333333333333,116
163735,2.533333333333333,4
163738,0.4666666666666667,4
163739,160.43333333333334,304
163740,1606.9166666666667,2142
163742,0.4166666666666667,4
163743,147.13333333333333,198
163744,24.883333333333333,67
163747,28.5,82
163748,0.23333333333333334,2
163749,655.9833333333333,423
163752,14.966666666666667,33
163753,99.13333333333333,162
163755,121.8,168
163756,53.28333333333333,43
163757,234.33333333333334,201
163758,9.083333333333332,12
163759,181.28333333333333,163
163760,1.0,2
163762,26.25,39
163763,0.9333333333333333,9
163764,52.05,54
163766,199.5,211
163767,111.11666666666666,128
163768,1.0,3
163769,351.06666666666666,370
163770,75.53333333333333,99
163771,160.88333333333333,228
163772,134.06666666666666,110
163773,2804.3,3646
163774,13.6,22
163775,1688.75,2632
163777,44.36666666666667,49
163778,517.6166666666667,740
163779,0.8333333333333334,2
163780,365.9,698
163782,825.9,1394
163783,63.68333333333333,69
163784,321.1666666666667,338
163785,175.36666666666667,200
163786,0.7,3
163787,15.366666666666667,19
163788,121.4,133
163789,4.133333333333333,8
163790,57.56666666666666,66
163791,692.0,635
163792,6.116666666666667,11
163794,10.15,18
163795,12.066666666666666,20
163796,22.25,29
163798,6.833333333333333,11
163799,362.2,445
163800,162.31666666666666,209
163801,1.7166666666666668,6
163802,130.78333333333333,109
163803,336.65,358
163804,219.53333333333333,251
163805,504.8666666666667,534
163807,4.5,20
163808,68.0,98
163809,13.966666666666667,19
163810,252.5333333333333,128
163811,121.9,152
163812,126.28333333333333,127
163813,7.45,48
163814,2004.7666666666667,3036
163815,248.93333333333334,424
163817,5.45,8
163818,558.4,652
163819,13.833333333333334,26
163820,179.08333333333334,263
163821,33.81666666666666,50
163822,191.55,213
163823,108.11666666666666,123
163824,1537.6333333333332,1841
163825,152.36666666666667,143
163869,63.95,129
163889,0.16666666666666666,2
163896,0.9166666666666666,4
163897,649.1833333333333,652
163898,108.9,156
163900,33.11666666666667,40
163901,1053.8666666666666,1915
163902,259.05,160
163903,543.7666666666667,700
163904,77.88333333333333,122
163905,163.65,189
163906,6.783333333333333,12
163907,46.333333333333336,64
163908,0.21666666666666667,6
163909,442.5833333333333,566
163910,8.75,21
163912,143.76666666666668,165
163913,345.1333333333333,371
163914,10.933333333333334,27
163915,141.21666666666667,169
163916,788.8,433
163917,161.91666666666666,157
163918,1037.35,1043
163919,278.65,122
163920,1.0333333333333332,13
163921,89.95,140
163922,323.2833333333333,342
163923,1139.0833333333333,1334
163925,112.51666666666667,107
163926,2278.3,3533
163927,708.9666666666667,505
163929,48.61666666666667,70
163930,1514.5,1459
163931,46.4,66
163932,0.43333333333333335,2
163933,664.05,846
163935,4.716666666666667,7
163936,24.55,31
163937,968.8,1595
163938,166.15,274
163939,12.033333333333333,24
163940,127.71666666666667,156
163941,368.3833333333333,448
163942,4253.683333333333,5187
163944,2.45,6
163946,48.416666666666664,64
163947,1716.05,1711
163948,0.08333333333333333,3
163949,1977.5333333333333,2631
163950,1325.3666666666666,2087
163951,225.13333333333333,276
163952,33.016666666666666,45
163953,0.25,6
163954,31.416666666666668,42
163956,175.01666666666665,203
163957,1072.6333333333334,1020
163959,45.583333333333336,67
163960,113.63333333333334,135
163962,73.65,73
163963,3.0833333333333335,12
163965,131.2,165
163966,214.66666666666666,254
163967,0.21666666666666667,2
163970,0.26666666666666666,7
163972,867.2,846
163974,309.45,253
163976,436.3666666666667,464
163977,31.033333333333335,58
163980,239.05,134
163981,267.95,417
163982,25.5,39
163983,21.583333333333332,31
163984,0.05,2
163985,534.95,587
163988,30.066666666666666,59
163989,1203.85,1613
163991,208.66666666666666,264
163992,1074.1333333333334,1611
163993,10.166666666666666,15
164058,65.66666666666667,25
164059,240.13333333333333,266
164062,0.0,1
164063,101.36666666666666,110
164064,37.18333333333333,63
164065,13.883333333333333,22
164066,1280.6833333333334,1233
164067,0.18333333333333335,4
164068,573.45,2625
164069,568.5333333333333,639
164070,719.6166666666667,815
164071,373.8833333333333,335
164072,28.75,52
164074,621.45,635
164075,277.1666666666667,335
164076,838.1333333333333,850
164077,603.5666666666667,674
164078,2500.7166666666667,2465
164079,395.93333333333334,393
164080,855.4666666666667,888
164081,214.15,241
164082,797.35,842
164083,262.55,164
164084,108.98333333333333,122
164085,2228.483333333333,1800
164087,1127.9166666666667,1092
164088,1739.0833333333333,1786
164089,647.05,634
164090,104.81666666666666,177
164091,419.7,548
164092,34.1,65
164093,154.78333333333333,257
164094,31.416666666666664,50
164095,2.85,5
164096,1418.1166666666666,1070
164097,56.766666666666666,99
164098,170.41666666666666,197
164099,132.28333333333333,158
164100,277.56666666666666,313
164101,93.76666666666667,72
164102,278.3666666666667,314
164103,217.86666666666667,266
164104,5.666666666666666,13
164105,1086.1166666666666,1123
164106,44.63333333333333,81
164107,627.9333333333333,665
164108,21.333333333333332,40
164109,1082.0166666666667,1109
164110,308.35,354
164111,799.4,715
164112,16.516666666666666,36
164113,68.01666666666667,69
164114,678.5333333333333,771
164115,28.116666666666667,31
164116,655.3666666666667,832
164117,403.51666666666665,388
164118,4.3,10
164120,236.6,198
164121,8.8,11
164122,54.85,97
164123,1.8833333333333333,10
164124,134.41666666666666,154
164126,80.01666666666667,79
164127,1255.15,1769
164128,4.133333333333333,16
164129,0.08333333333333333,3
164130,1656.0166666666667,1295
164131,291.31666666666666,313
164132,0.7833333333333333,8
164133,2131.8166666666666,2783
164134,826.3,582
164135,269.9,320
164136,195.35,160
164137,122.65,31
164138,165.6,270
164140,607.0166666666667,614
164141,3291.05,3971
164142,3263.616666666667,3378
164143,1854.9333333333334,2390
164144,2252.8,2616
164145,231.93333333333334,572
164146,4251.416666666667,2861
164148,1476.0,2263
164149,5152.016666666666,5643
164150,6678.3,7028
164151,2122.45,2550
164152,9322.183333333332,8580
164153,2490.6,2972
164154,7761.5,9302
164155,2778.266666666667,3048
164156,849.7833333333333,965
164157,824.1166666666667,1631
164158,2368.25,3034
164159,81.61666666666666,109
164160,7769.183333333333,8812
164161,9604.316666666668,12253
164162,7340.666666666667,8768
164163,1656.7833333333333,2060
164164,2060.85,2411
164165,6775.116666666667,7781
164166,9148.0,11553
164167,2826.116666666667,3020
164168,5469.566666666667,6276
164169,16050.833333333334,17293
164171,2155.383333333333,1733
164172,7386.066666666667,8122
164173,2809.5833333333335,4789
164175,9792.033333333333,11872
164176,3732.85,4578
164177,25046.95,20639
164178,15089.583333333334,13928
164179,186.0,733
164180,1486.7833333333333,957
164181,7584.7,7998
164182,3020.6,3519
164183,1942.5833333333333,2279
164184,65.18333333333334,109
164631,1100.4166666666667,1016
164632,561.8833333333333,526
164633,15.583333333333334,21
164634,573.35,701
164635,245.0,298
164637,61.95,77
164638,65.9,76
164639,154.86666666666667,174
164641,407.45,488
164642,120.08333333333333,136
164643,124.98333333333333,149
164644,862.5833333333334,1034
164646,135.98333333333335,74
164647,84.75,162
164648,28.433333333333334,43
164649,167.65,190
164651,8.066666666666666,9
164653,43.53333333333333,53
164654,171.71666666666667,228
164655,236.73333333333332,248
164656,62.016666666666666,95
164657,87.23333333333333,95
164659,0.6333333333333333,2
164660,472.3833333333333,445
164662,30.966666666666665,50
164663,2326.616666666667,2356
164664,1890.3833333333332,2479
164665,241.45,320
164667,247.48333333333335,278
164668,380.05,398
164669,1251.2333333333333,1251
164670,4039.266666666667,4607
164671,592.4333333333333,809
164672,4.816666666666666,16
164673,43.05,45
164674,43.15,32
164675,105.78333333333333,146
164676,732.3666666666667,745
164677,141.88333333333333,149
164678,181.96666666666667,230
164679,451.8,478
164680,227.56666666666666,325
164681,14.4,33
164682,15.066666666666666,51
164683,0.06666666666666667,2
164684,47.483333333333334,74
164685,340.0833333333333,377
164686,62.916666666666664,71
164687,388.31666666666666,361
164688,146.76666666666665,178
164689,10.033333333333333,15
164690,1821.1333333333334,2303
164691,2.3166666666666664,5
164692,37.666666666666664,57
164693,39.53333333333333,58
164694,9.016666666666666,18
164695,199.41666666666666,209
164696,14.166666666666666,18
164697,21.716666666666665,31
164698,3418.4,3841
164699,12.916666666666666,22
164700,516.85,583
164701,20.683333333333334,39
164702,452.1166666666667,365
164703,29.15,34
164704,22.0,37
164705,1217.0,1580
164706,0.0,1
164709,13.016666666666666,14
164711,552.3,596
164713,0.05,2
164715,163.15,198
164716,5.966666666666667,8
164719,184.26666666666665,250
164721,0.7833333333333333,2
164722,48.666666666666664,66
164723,34.166666666666664,57
164724,358.21666666666664,404
164728,27.933333333333334,51
164730,14.25,49
164731,19.716666666666665,26
164732,108.68333333333334,80
164733,97.01666666666667,114
164735,32.36666666666667,53
164736,99.18333333333334,146
164737,33.0,36
164739,591.0,939
164740,332.15,395
164741,73.89999999999999,105
164742,73.45,57
164743,6.8,12
164744,85.9,175
164746,199.61666666666667,183
164747,43.61666666666667,45
164748,213.46666666666667,288
164749,34.6,61
164750,10.416666666666666,14
164751,17.116666666666667,31
164752,17.333333333333332,32
164753,13.566666666666666,20
164757,96.86666666666666,101
164759,5.916666666666666,8
164760,0.2833333333333333,10
164763,17.65,36
164767,24.0,47
164769,30.583333333333332,30
164772,0.0,1
164773,391.3666666666667,510
164774,17.233333333333334,74
164775,382.7,488
164776,4.433333333333334,11
164779,82.28333333333333,179
164780,654.5833333333334,659
164784,616.8833333333333,746
164785,14.15,100
164786,373.56666666666666,455
164787,160.05,164
164788,114.93333333333334,147
164789,107.86666666666666,127
164791,793.3166666666666,845
164792,708.95,916
164793,257.85,312
164794,446.43333333333334,489
164796,169.23333333333335,188
164797,157.56666666666666,214
164798,207.83333333333334,231
164799,979.8166666666666,1142
164800,9.716666666666667,13
164801,0.36666666666666664,4
164802,125.81666666666666,115
164804,0.06666666666666667,2
164805,27.266666666666666,63
164806,475.6666666666667,525
164807,575.1166666666667,635
164808,51.53333333333333,19
164809,0.48333333333333334,2
164810,258.0333333333333,249
164812,8639.6,9502
164813,1156.1833333333334,1350
164814,320.46666666666664,450
164815,33.833333333333336,49
164817,56.25,67
164818,0.05,2
164820,17.916666666666668,29
164821,3.9666666666666663,5
164822,46.233333333333334,54
164823,6.433333333333334,19
164824,497.8,580
164825,1918.1833333333334,3123
164826,5899.133333333333,6883
164827,2850.0333333333333,3149
164828,102.01666666666667,111
164829,6956.0,5667
164832,932.4333333333333,1414
164833,2015.3833333333332,1971
164834,1935.1666666666667,2688
164835,5537.3,6451
164836,1707.6166666666666,2170
164837,1946.7333333333333,1969
164838,6202.833333333333,6477
164839,3949.616666666667,4327
164840,9719.083333333334,11065
164841,4466.366666666667,5403
164842,5883.95,6182
164843,5948.15,6216
164844,8897.75,5907
164847,1026.2,1404
164848,7998.55,9884
164849,4481.9,5209
164850,722.7333333333333,1244
164851,8483.85,10227
164852,9876.333333333334,9606
164853,32.483333333333334,42
164854,269.1,306
164856,2.0999999999999996,6
164857,225.6,235
164859,432.7,513
164860,0.05,3
164861,5.05,8
164863,283.8833333333333,335
164864,34.4,21
164865,247.9,311
164867,116.98333333333333,124
164868,1087.5666666666666,1172
164869,761.4666666666667,661
164870,638.25,684
164871,27.3,39
164872,58.1,106
164874,12.65,18
164875,18.383333333333333,21
164876,0.0,1
164877,136.06666666666666,225
164878,612.3333333333334,522
164879,6.8,12
164880,243.06666666666666,347
164881,704.75,937
164882,143.03333333333333,139
164883,163.06666666666666,156
164884,63.21666666666667,96
164886,7341.733333333334,8900
164889,0.13333333333333333,2
164890,197.13333333333333,234
164891,773.2166666666667,1168
164892,201.08333333333334,209
164893,80.76666666666667,125
164895,1.55,6
164896,67.15,69
164897,1.15,10
164898,35.43333333333333,34
164899,91.78333333333333,132
164900,28.266666666666666,31
164902,332.35,242
164903,144.1,153
164904,29.166666666666668,41
164905,137.45,192
164907,29.53333333333333,37
164910,194.06666666666666,346
164919,775.05,1382
164920,49.083333333333336,84
164922,121.15,191
164923,38.15,39
164924,51.18333333333333,53
164927,430.8333333333333,593
164930,146.73333333333332,157
164931,485.05,88
164932,2666.85,3119
164933,73.51666666666667,99
164934,1.0333333333333334,4
164935,14.85,27
164936,107.05,156
164939,1433.25,1237
164940,1069.5,1703
164941,443.4166666666667,462
164942,62.9,5
164943,12.733333333333333,29
164944,36.11666666666667,49
164945,66.38333333333334,102
164946,17.016666666666666,20
164947,422.65,545
164948,11.633333333333333,17
164949,0.26666666666666666,2
164950,121.11666666666666,145
164951,384.18333333333334,456
164952,10.2,14
164953,1.0166666666666668,4
164954,10.583333333333334,16
164956,2071.25,2161
164957,53.03333333333333,69
164958,396.18333333333334,402
164959,1.0166666666666666,2
164960,58.0,56
164961,164.45,200
164962,9566.166666666666,6646
164963,944.7666666666667,1250
164964,3827.4166666666665,4524
164965,394.3,600
164966,2112.95,2957
164967,9844.283333333333,9626
164968,341.98333333333335,283
164969,4163.1,4710
164970,7548.566666666667,8050
164975,3290.8166666666666,3843
164979,172.81666666666666,194
164980,0.0,2
164981,56.45,73
164982,17.733333333333334,54
164983,4.35,15
164985,4509.883333333333,4634
164986,32.35,45
164988,92.76666666666667,122
164989,4.116666666666667,5
164990,6197.966666666666,6533
164991,96.58333333333333,108
164992,5.683333333333334,17
164994,10.783333333333333,13
164995,257.35,297
164996,1709.05,2456
164997,0.08333333333333333,3
164998,2.75,16
165000,4.616666666666667,25
165002,4.966666666666667,9
165003,13.95,21
165004,55.11666666666667,34
165006,0.0,1
165007,100.31666666666666,84
165009,15.0,24
165011,582.2666666666667,587
165012,1.0999999999999999,4
165013,171.21666666666667,267
165014,3.4000000000000004,6
165015,6.716666666666667,11
165016,1.5666666666666667,4
165019,13.75,24
165020,220.13333333333333,163
165021,4.25,7
165022,13.0,24
165023,430.26666666666665,416
165024,1883.1166666666666,2470
165025,7.65,21
165026,896.6333333333333,998
165027,1143.4333333333334,1230
165029,28.016666666666666,39
165030,68.16666666666667,70
165031,105.13333333333334,108
165032,33.36666666666667,48
165034,319.26666666666665,551
165035,1.8,8
165036,3323.5833333333335,2208
165037,634.1166666666667,452
165038,83.51666666666667,91
165039,53.71666666666667,61
165040,20.566666666666666,31
165041,18.03333333333333,35
165044,457.03333333333336,531
165045,53.25,62
165046,0.15,3
165047,2457.1666666666665,3078
165048,0.8833333333333333,6
165049,169.4,172
165050,837.9333333333333,950
165051,57.45,90
165052,20.316666666666666,45
165053,1742.1666666666667,1892
165054,8.2,14
165056,44.416666666666664,73
165057,26.4,41
165058,0.15,2
165059,136.04999999999998,131
165060,8.15,17
165063,2966.3166666666666,2502
165064,65.91666666666667,84
165065,13.35,29
165066,165.23333333333332,184
165067,2745.5333333333333,2616
165068,75.63333333333334,79
165069,6.133333333333334,19
165070,55.28333333333333,96
165073,313.95,488
165074,4404.1,4667
165075,4909.35,5256
165076,475.15,577
165078,4559.533333333333,5077
165079,4500.766666666666,4969
165082,699.4333333333333,881
165083,884.3,1166
165084,2836.0166666666664,2960
165085,623.5333333333333,745
165086,520.1666666666666,691
165087,12.216666666666667,64
165090,708.5833333333334,773
165091,308.06666666666666,361
165093,19.65,27
165094,68.43333333333334,85
165095,525.2333333333333,629
165096,14.383333333333333,39
165097,133.1,179
165098,9.183333333333334,13
165099,7.516666666666667,13
165100,139.36666666666667,139
165102,96.83333333333333,117
165103,118.36666666666666,174
165104,442.06666666666666,349
165105,43.833333333333336,59
165107,234.41666666666666,246
165108,747.1333333333333,1108
165109,2362.5666666666666,2177
165110,12.216666666666667,21
165111,9.3,15
165112,154.01666666666668,205
165113,18.8,23
165114,241.8,224
165116,18.716666666666665,32
165117,96.5,109
165118,233.18333333333334,226
165119,149.03333333333333,233
165120,27.983333333333334,34
165122,51.766666666666666,56
165124,3348.883333333333,3823
165125,554.45,608
165126,743.3333333333334,889
165127,34.56666666666667,53
165129,665.8333333333334,951
165130,0.7666666666666666,4
165131,1109.9,1334
165132,334.98333333333335,410
165135,44.93333333333333,98
165136,2204.15,3413
165137,15.416666666666666,19
165138,71.86666666666666,84
165139,23.2,26
165140,18.03333333333333,27
165141,30.583333333333332,51
165143,173.9,186
165146,235.71666666666667,228
165147,90.38333333333333,109
165149,367.8,421
165150,98.56666666666666,101
165152,94.28333333333333,208
165154,33.56666666666667,58
165155,75.98333333333333,105
165156,1021.4,848
165157,36.4,24
165158,39.016666666666666,40
165159,122.98333333333333,212
165165,0.6166666666666667,5
165168,3.1,7
165169,257.98333333333335,297
165170,23.55,24
165172,1806.3166666666666,2819
165173,7665.466666666666,10029
165174,3155.9333333333334,3555
165175,41.833333333333336,94
165176,4003.1,3881
165177,90.28333333333333,98
165178,26.766666666666666,41
165179,104.31666666666666,119
165180,345.9166666666667,397
165182,8.916666666666666,14
165183,3642.55,4901
165184,19.53333333333333,31
165185,13.716666666666667,23
165186,83.46666666666665,13
165187,247.58333333333334,256
165189,41.81666666666667,58
165190,1160.1833333333334,1177
165192,95.25,99
165193,42.516666666666666,51
165194,240.13333333333333,342
165195,78.23333333333333,97
165196,247.73333333333335,163
165198,0.9333333333333333,2
165199,13.533333333333333,22
165200,1704.9,1867
165201,37.81666666666666,50
165202,1603.2,1774
165203,672.3333333333334,784
165204,2616.4,3072
165205,3021.516666666667,4771
165206,126.81666666666666,466
165207,6293.616666666667,8131
165208,50.666666666666664,63
165210,754.0,1228
165211,89.71666666666667,79
165212,3.15,7
165213,1260.2333333333333,1443
165214,7.683333333333334,16
165215,692.3333333333334,791
165216,15.433333333333334,21
165217,34.733333333333334,57
165218,152.05,157
165219,9.966666666666667,15
165220,634.9166666666666,691
165221,12.816666666666666,22
165223,0.75,2
165224,1180.2333333333333,899
165225,0.0,1
165226,753.6833333333333,791
165227,1.0666666666666667,6
165228,16.933333333333334,26
165229,229.35,214
165230,462.96666666666664,492
165231,58.9,98
165232,25.53333333333333,44
165233,4198.583333333333,5363
165234,55.81666666666666,48
165235,285.7,291
165236,6.983333333333333,17
165237,27.8,40
165238,8.0,27
165239,112.1,133
165240,96.36666666666667,101
165241,141.66666666666666,156
165242,74.65,99
165243,347.9166666666667,471
165245,529.6666666666666,460
165246,1345.3666666666666,1549
165249,2390.7166666666667,2434
165250,371.0833333333333,272
165251,4.983333333333333,6
165253,107.63333333333333,155
165254,648.3166666666667,470
165255,907.3166666666666,1238
165256,34.63333333333333,44
165257,297.1166666666667,287
165288,57.8,75
165289,0.48333333333333334,2
165290,35.43333333333334,30
165291,1197.7,1392
165292,66.31666666666666,76
165330,90.03333333333333,1154
165331,504.3666666666667,484
165335,28.433333333333334,31
165342,379.25,526
165354,15.183333333333334,17
165355,41.61666666666667,23
165357,492.8333333333333,497
165359,2057.1666666666665,2833
165360,56.88333333333333,58
165361,52.166666666666664,60
165363,0.26666666666666666,2
165365,482.5,886
165366,0.08333333333333333,4
165367,696.2833333333333,738
165368,3.1999999999999997,8
165369,423.68333333333334,510
165370,453.5333333333333,583
165371,1730.7666666666667,2455
165372,1999.8666666666666,2382
165373,3133.883333333333,3487
165374,2712.6,2988
165375,2200.5333333333333,2626
165376,3834.233333333333,4126
165377,2143.016666666667,2724
165378,1505.9666666666667,2601
165379,5454.35,6404
165380,3553.25,3611
165381,2463.2166666666667,3414
165382,2239.5,3118
165383,2084.616666666667,2528
165384,3454.0333333333333,3389
165385,3099.0333333333333,3310
165386,3995.7666666666664,4471
165387,2454.1,2735
165388,2600.35,3071
165389,3835.6666666666665,4285
165409,19.35,25
165410,370.81666666666666,314
165415,2216.8,2652
165416,3296.8,4198
165417,3795.4,4287
165418,5.183333333333334,11
165419,2434.483333333333,3153
165420,2904.7166666666667,3456
165421,3146.3333333333335,3858
165422,3620.2666666666664,4349
165423,333.55,472
165424,43.28333333333333,349
165425,105.98333333333333,390
165426,51.916666666666664,279
165427,296.5833333333333,510
165428,17.683333333333334,236
165429,144.1,666
165430,322.18333333333334,778
165431,11.133333333333333,61
165432,680.6,1002
165433,641.2333333333333,821
165434,358.98333333333335,615
165435,143.56666666666666,486
165436,211.06666666666666,731
165437,1678.3666666666666,2309
165438,378.3,839
165439,161.05,300
165440,1497.1666666666667,1638
165441,909.45,1150
165442,718.8166666666667,960
165443,1513.6333333333332,2093
165444,1020.7,1275
165445,1948.0166666666667,2329
165446,100.85,667
165447,175.43333333333334,700
165448,85.08333333333333,838
165449,160.18333333333334,527
165450,96.31666666666666,406
165451,244.98333333333332,549
165452,1266.45,1607
165453,57.78333333333333,674
165454,2260.5333333333333,3024
165455,1892.1666666666667,2641
165456,2451.6,2875
165457,1824.15,2624
165458,1565.05,2274
165459,2202.3333333333335,3060
165460,2513.2166666666667,3012
165461,1982.9166666666667,2457
165462,2919.8166666666666,3299
165463,2903.483333333333,3141
165464,2302.633333333333,3231
165465,2410.2833333333333,2757
165466,2928.7666666666664,3309
165467,1831.3833333333334,2488
165468,1912.5833333333333,2301
165469,1754.4166666666667,2679
165470,3883.25,2598
165471,2987.6,3996
165472,1767.3333333333333,2134
165473,2482.6,2816
165474,3054.6,3417
165475,2299.1833333333334,2635
165476,3265.8,3504
165477,2049.9,2643
165478,3732.0166666666664,3984
165479,1980.25,2953
165480,2384.9,2879
165481,1857.1166666666666,2229
165482,2435.6833333333334,2728
165483,2561.2166666666667,2284
165484,2189.3166666666666,2667
165485,4158.383333333333,4301
165486,2184.0833333333335,2615
165487,2575.616666666667,3232
165488,2403.45,2903
165489,3105.2666666666664,2418
165490,1975.2666666666667,2256
165491,4809.183333333333,5482
165492,3319.733333333333,3940
165493,3446.9666666666667,3599
165494,3081.633333333333,3230
165495,2772.266666666667,2988
165496,1689.1333333333334,1820
165497,2060.7833333333333,2524
165498,2412.0333333333333,2958
165499,2723.2166666666667,2822
165500,4069.6666666666665,4372
165501,4970.766666666666,4451
165502,2761.3333333333335,3115
165503,4818.1,4109
165504,2332.75,2847
165505,1333.2166666666667,1875
165506,6331.766666666666,6984
165507,3061.5,3451
165508,1697.2333333333333,2083
165509,1603.85,2274
165510,3243.3166666666666,3482
165511,4860.033333333334,4648
165512,2540.7833333333333,2897
165513,2102.1833333333334,2610
165514,4789.7,5492
165515,6111.283333333333,7130
165516,5555.65,6936
165517,3721.0833333333335,3844
165518,3343.133333333333,3518
165519,3734.8,2937
165520,3661.366666666667,3746
165521,1929.1833333333334,2294
165522,2002.1666666666667,2509
165523,3674.05,4835
165524,3927.55,2097
165525,1932.7333333333333,2315
165526,1882.2666666666667,2588
165527,2546.383333333333,2974
165528,3965.9833333333336,2633
165529,3724.35,3775
165530,2948.2833333333333,3409
165531,3137.9333333333334,3181
165532,4345.35,3492
165533,2622.6666666666665,3786
165534,2840.633333333333,2875
165535,2513.2,2274
165536,2227.233333333333,2305
165537,386.4166666666667,806
165538,1626.5333333333333,2276
165539,2084.2,3283
165540,3410.05,3298
165541,4668.45,4916
165542,2029.9166666666667,2334
165543,1176.9833333333333,1764
165544,2213.366666666667,2668
165545,2697.516666666667,3300
165546,3679.6666666666665,4515
165547,5533.033333333333,5915
165548,2345.9333333333334,2518
165549,2072.9666666666667,2344
165550,2314.7166666666667,3205
165551,5055.95,5761
165552,8001.716666666666,9117
165553,6054.116666666667,7318
165554,2854.7166666666667,3503
165555,3299.4666666666667,3480
165556,5163.433333333333,3061
165557,3749.3,4398
165558,2172.116666666667,2511
165559,4363.733333333334,5333
165560,2067.733333333333,2493
165561,8020.116666666667,8714
165562,2781.616666666667,4660
165563,2703.8166666666666,3029
165564,2404.7,3289
165565,2218.4666666666667,3213
165566,2307.133333333333,2600
165567,2351.633333333333,2733
165568,6519.3,6618
165569,5013.3,3973
165570,13737.016666666666,13105
165571,6231.916666666667,9400
165572,715.45,1072
165573,1901.3,2257
165574,1749.3333333333333,1759
165575,86.36666666666666,98
165576,860.2166666666667,1258
165577,1112.5166666666667,1457
165578,7145.266666666666,7700
165580,204.63333333333333,222
165581,862.2833333333333,819
165582,9.233333333333334,225
165583,3366.5,3681
165584,3215.883333333333,2711
165585,5242.15,5524
165586,128.7,157
165587,1820.7,2641
165588,596.9,742
165589,3819.95,4103
165590,3395.7833333333333,2769
165591,2090.733333333333,2540
165592,1921.65,2364
165593,3229.9166666666665,3548
165594,2842.4166666666665,2841
165595,3239.8,3611
165596,1907.7,2619
165597,3533.0666666666666,3844
165598,0.0,1
165599,50.7,66
165600,638.85,944
165601,27.166666666666668,320
165603,12.466666666666667,16
165604,122.38333333333333,165
165605,98.23333333333333,132
165606,70.18333333333334,110
165607,306.81666666666666,281
165608,312.6,311
165609,138.9,141
165610,1.6833333333333333,12
165611,453.48333333333335,642
165612,174.91666666666669,96
165613,4822.15,5056
165614,4317.316666666667,4831
165615,3852.616666666667,4076
165616,2328.95,2574
165617,7799.9,8609
165618,3647.85,4024
165619,3514.866666666667,4960
165620,1900.1,2156
165621,2145.3166666666666,2772
165622,2166.55,2532
165623,3330.4833333333336,3486
165624,313.8666666666667,542
165625,7815.666666666667,8284
165626,2169.5166666666664,2270
165627,6289.466666666666,6786
165628,8766.233333333334,6831
165629,31.233333333333334,41
165630,0.8833333333333334,6
165631,3541.7666666666664,4272
165632,9.583333333333334,17
165633,7.133333333333333,13
165634,25.1,56
165635,160.83333333333334,187
165636,1588.0166666666667,1603
165637,20.483333333333334,35
165638,735.1166666666667,563
165639,0.7333333333333334,3
165640,20.3,26
165641,0.8666666666666667,2
165642,491.8833333333333,523
165643,51.63333333333333,75
165644,90.93333333333334,124
165645,110.81666666666666,162
165647,47.233333333333334,67
165648,12.516666666666667,21
165649,51.4,65
165651,76.7,125
165652,195.06666666666666,480
165653,925.95,274
165654,0.9666666666666667,6
165655,2.8333333333333335,6
165656,168.85,187
165657,68.66666666666667,90
165658,234.16666666666666,233
165660,53.333333333333336,74
165662,2534.3333333333335,2902
165663,6127.133333333333,6128
165664,937.0166666666667,1284
165665,13.1,16
165666,177.21666666666667,264
165667,116.0,129
165668,119.8,116
165669,0.2833333333333333,2
165670,13.733333333333333,19
165671,3.95,6
165672,0.8833333333333333,6
165673,120.63333333333334,253
165674,1516.1666666666667,2255
165675,175.58333333333331,128
165676,301.4,77
165677,547.0833333333334,658
165679,151.01666666666668,62
165680,10.516666666666666,13
165681,189.76666666666668,125
165682,217.61666666666665,114
165683,9977.233333333334,12411
165684,7.483333333333333,11
165686,46.85,80
165687,43.1,56
165688,9.466666666666667,32
165689,6.733333333333333,35
165690,141.91666666666666,180
165692,65.53333333333333,113
165694,304.35,307
165695,281.1,207
165696,63.61666666666667,92
165697,70.0,106
165698,0.3,3
165700,115.06666666666666,124
165701,70.76666666666667,133
165702,3.7,11
165703,245.06666666666666,276
165704,166.56666666666666,178
165705,140.28333333333333,143
165706,42.18333333333333,50
165707,273.5833333333333,291
165709,12.933333333333334,12
165710,390.7166666666667,227
165711,2.166666666666667,4
165712,11.05,14
165713,43.7,48
165714,9.516666666666667,23
165715,33.5,16
165716,5481.35,6207
165717,525.4333333333333,416
165718,34.233333333333334,43
165719,124.23333333333333,131
165720,649.9666666666667,618
165721,182.03333333333333,208
165723,350.59999999999997,362
165724,23.2,40
165725,316.75,284
165726,490.1,526
165727,243.08333333333334,240
165728,94.13333333333333,109
165729,390.06666666666666,476
165730,12.333333333333332,12
165731,418.18333333333334,456
165732,3.8,23
165735,1057.8333333333333,1344
165736,37.21666666666667,56
165737,6.266666666666667,12
165738,409.1,321
165739,1.3833333333333333,6
165741,9847.45,13486
165742,8176.666666666667,8862
165743,8.683333333333334,25
165745,95.33333333333333,131
165746,78.1,110
165747,65.21666666666667,88
165748,291.8333333333333,297
165749,1018.2333333333333,1561
165750,6.233333333333333,71
165751,21.133333333333333,92
165753,96.61666666666666,114
165754,84.11666666666666,146
165755,147.58333333333334,189
165756,63.7,56
165757,55.63333333333333,63
165758,130.46666666666667,153
165759,19.53333333333333,34
165761,298.9,219
165762,18.233333333333334,27
165763,0.0,1
165764,1371.6166666666666,1643
165766,725.9166666666666,666
165767,37.13333333333333,56
165768,800.85,857
165769,2.783333333333333,29
165770,544.55,857
165771,162.03333333333333,156
165772,346.71666666666664,368
165773,5.083333333333333,9
165774,33.36666666666667,38
165775,318.48333333333335,366
165776,407.46666666666664,455
165777,16.85,30
165779,2.8666666666666667,7
165780,171.3,192
165782,50.21666666666667,70
165783,147.31666666666666,166
165784,52.36666666666667,71
165785,306.81666666666666,322
165786,177.83333333333334,202
165790,135.78333333333333,143
165792,64.58333333333333,71
165793,16.433333333333334,18
165794,16.2,20
165796,22.71666666666667,32
165797,307.73333333333335,292
165798,69.96666666666667,75
165799,9.816666666666666,16
165800,8485.883333333333,7090
165801,125.61666666666666,143
165802,2.466666666666667,6
165803,237.46666666666667,347
165804,383.5,445
165805,4.2,11
165807,14.15,22
165808,138.98333333333332,165
165809,71.85,104
165810,80.03333333333333,54
165811,1540.0,1918
165812,253.83333333333334,279
165813,2725.8166666666666,2503
165815,13.433333333333334,33
165816,17.166666666666668,19
165817,0.0,1
165818,180.83333333333334,243
165819,342.93333333333334,377
165820,23.633333333333333,43
165821,3.4,8
165822,192.8,208
165824,497.4,525
165825,0.26666666666666666,2
165827,16.516666666666666,28
165828,1892.3833333333334,1994
165829,1283.8333333333333,1366
165830,31.45,59
165831,35.550000000000004,53
165832,982.55,1170
165833,98.03333333333333,144
165834,124.53333333333333,143
165835,201.65,200
165836,51.3,55
165837,60.4,86
165838,297.31666666666666,267
165839,477.9166666666667,497
165842,4949.65,5362
165843,137.16666666666666,135
165844,2531.5333333333333,2101
165845,1.05,4
165846,300.6,564
165847,581.35,461
165848,270.0833333333333,310
165849,298.25,346
165850,552.2166666666667,799
165851,675.8166666666666,469
165852,311.06666666666666,375
165853,2062.766666666667,2259
165854,1717.6333333333332,1973
165855,2063.8333333333335,2804
165856,2296.8333333333335,2830
165857,274.18333333333334,420
165858,904.2166666666667,1050
165859,3359.116666666667,3132
165860,925.9666666666667,938
165861,229.88333333333333,282
165862,1196.5333333333333,1655
165865,100.55,106
165866,451.6333333333333,432
165867,21.2,36
165868,426.56666666666666,666
165869,2047.15,2350
165870,151.86666666666667,317
165871,2345.3166666666666,3266
165872,3386.233333333333,2869
165873,3341.8333333333335,3553
165874,1678.4666666666667,2280
165875,726.1833333333333,855
165876,1818.2833333333333,2111
165877,1317.5166666666667,1464
165878,1360.2,1461
165879,183.6,214
165880,802.9833333333333,910
165881,1349.5833333333333,1536
165882,660.7333333333333,581
165883,580.4666666666667,586
165884,2178.25,2057
165885,94.43333333333334,113
165886,272.93333333333334,335
165887,3622.3166666666666,3740
165888,911.0166666666667,885
165889,370.7,384
165890,1644.1,2043
165891,204.26666666666665,171
165892,126.18333333333334,150
165893,141.76666666666665,274
165894,1664.7666666666667,1664
165895,1243.9833333333333,1689
165896,2546.45,2350
165897,1405.0833333333333,1569
165898,33.88333333333333,144
165899,419.95,390
165902,347.93333333333334,468
165903,5.633333333333333,10
165904,76.63333333333333,117
165905,17.3,46
165908,133.48333333333332,187
165909,82.88333333333334,85
165911,31.65,41
165912,80.0,83
165913,678.5333333333333,613
165914,19.333333333333332,42
165915,2058.516666666667,1660
165916,390.3333333333333,525
165917,4.966666666666667,10
165918,26.15,27
165921,41.61666666666667,45
165922,38.46666666666667,41
165923,184.86666666666667,188
165924,50.63333333333333,53
165925,132.5,119
165926,13.566666666666666,19
165927,39.666666666666664,43
165928,34.96666666666667,38
165929,36.666666666666664,39
165930,36.733333333333334,39
165931,54.28333333333333,60
165932,81.93333333333334,92
165933,2065.4,2547
165934,77.98333333333333,111
165935,35.18333333333333,38
165936,61.8,66
165937,83.8,88
165938,10.2,16
165939,60.28333333333333,63
165940,49.833333333333336,61
165941,16.866666666666667,21
165942,5.183333333333334,9
165943,51.93333333333333,56
165944,6.1,11
165945,34.35,69
165946,7.199999999999999,10
165947,69.85,81
165948,38.86666666666667,43
165949,39.0,52
165950,8.233333333333333,33
165951,43.65,47
165952,9.0,12
165953,12.433333333333334,15
165954,73.18333333333334,114
165955,76.73333333333333,80
165956,272.1166666666667,314
165957,12.133333333333333,18
165958,15.333333333333332,20
165960,56.21666666666667,52
165961,34.45,37
165962,23.15,27
165963,10.966666666666667,14
165964,88.28333333333333,67
165965,18.016666666666666,21
165966,8.016666666666666,12
165967,7.233333333333333,10
165968,11.6,14
165969,17.333333333333332,28
165970,38.18333333333333,48
165971,26.35,31
165972,71.15,97
165974,30.65,33
165977,9.483333333333334,17
165978,397.21666666666664,427
165979,36.5,55
165980,369.96666666666664,458
165981,4439.383333333333,4417
165982,14.533333333333333,18
165983,116.35,157
165984,32.483333333333334,61
165985,202.66666666666666,107
165986,0.6833333333333333,6
165987,203.8,209
165989,140.85,164
165992,481.76666666666665,716
165993,673.8,743
165994,0.8666666666666667,4
165995,945.6333333333333,780
165996,488.26666666666665,548
165997,6819.766666666666,6803
165998,1101.85,2849
165999,497.2833333333333,441
166000,10517.3,10470
166001,1.9166666666666667,4
166002,32.31666666666666,43
166003,32.666666666666664,37
166004,102.11666666666666,118
166005,88.56666666666666,110
166006,614.1333333333333,640
166007,13.483333333333333,17
166008,30.333333333333332,48
166009,86.96666666666667,93
166010,99.61666666666666,145
166011,381.25,447
166012,89.26666666666667,113
166013,71.58333333333333,83
166014,84.65,124
166015,121.06666666666666,134
166016,46.1,84
166017,79.03333333333333,128
166018,34.8,43
166019,88.51666666666667,125
166020,104.08333333333333,97
166021,29.366666666666667,34
166023,81.03333333333333,101
166024,22.166666666666668,41
166025,585.95,589
166027,211.46666666666667,239
166028,127.76666666666667,134
166029,153.75,189
166030,264.1333333333333,271
166033,241.46666666666667,267
166034,16.433333333333334,18
166035,125.25,149
166037,50.95,73
166038,126.83333333333333,139
166039,67.23333333333333,78
166040,33.9,36
166041,10.666666666666666,20
166042,45.833333333333336,59
166043,72.03333333333335,40
166044,72.08333333333333,76
166045,36.18333333333333,51
166046,167.63333333333333,317
166047,37.266666666666666,64
166048,212.48333333333332,218
166049,9.033333333333333,14
166050,0.8833333333333333,6
166052,243.41666666666666,252
166053,218.68333333333334,245
166054,9.133333333333333,19
166055,223.25,241
166059,7.966666666666667,9
166060,38.333333333333336,92
166062,83.43333333333334,211
166063,98.3,102
166065,312.43333333333334,236
166068,146.6,74
166069,109.95,84
166070,135.56666666666666,181
166071,5.433333333333333,14
166073,261.8833333333333,295
166074,64.78333333333333,89
166077,938.7833333333333,1061
166078,105.95,147
166079,38.016666666666666,39
166080,206.88333333333333,241
166081,2469.9,2647
166082,1347.8666666666666,1269
166083,11.7,15
166084,75.16666666666667,109
166085,0.65,2
166086,246.41666666666666,474
166087,339.2,242
166088,9.666666666666666,15
166089,59.28333333333333,69
166090,230.36666666666667,249
166091,0.7833333333333333,8
166092,41.63333333333333,58
166093,1.1833333333333333,8
166094,1092.9666666666667,1018
166095,689.05,784
166096,4100.433333333333,4439
166097,2476.016666666667,3261
166098,2450.65,2880
166099,12039.516666666666,12944
166100,73.95,92
166101,10.666666666666666,22
166102,42.68333333333334,75
166106,0.5666666666666667,4
166107,0.85,8
166108,228.91666666666666,265
166109,0.7333333333333333,7
166110,21.716666666666665,22
166116,70.3,55
166117,326.1333333333333,314
166118,946.6333333333333,986
166119,30.983333333333334,45
166120,0.7333333333333333,2
166121,303.23333333333335,310
166122,0.18333333333333332,3
166123,427.8833333333333,488
166125,122.9,145
166126,1.8166666666666667,10
166127,1.2,6
166128,118.83333333333333,96
166129,16.95,18
166130,9.883333333333333,15
166131,8.166666666666666,15
166133,217.03333333333333,288
166134,2886.1,3235
166135,389.71666666666664,501
166136,0.8833333333333333,2
166137,0.21666666666666667,2
166138,1691.0166666666667,1861
166139,26.216666666666665,33
166140,1319.0666666666666,1576
166141,8.716666666666667,12
166142,128.53333333333333,166
166144,117.8,181
166145,350.26666666666665,365
166146,1.2000000000000002,6
166147,234.0,168
166148,300.95,214
166149,12.75,18
166150,0.16666666666666666,6
166151,0.0,1
166152,16.383333333333333,26
166153,9.483333333333334,14
166154,326.6333333333333,325
166155,64.13333333333333,70
166156,6390.016666666666,6711
166163,1628.3333333333333,1382
166164,111.8,133
166165,702.9,722
166166,1462.9833333333333,1691
166167,1135.7666666666667,1657
166168,1332.15,1355
166171,46.38333333333333,73
166172,317.6666666666667,280
166173,0.6,9
166174,277.0,341
166175,0.13333333333333333,4
166176,71.23333333333333,96
166177,164.68333333333334,214
166178,177.81666666666666,153
166179,27.566666666666666,31
166180,63.45,97
166181,161.05,198
166183,183.54999999999998,212
166184,14.666666666666668,20
166185,342.6166666666667,474
166189,32.38333333333333,46
166190,6.383333333333333,8
166191,59.38333333333333,56
166192,132.98333333333332,131
166194,6.75,14
166195,141.46666666666667,194
166197,108.11666666666666,122
166199,26.383333333333333,136
166200,164.55,233
166201,294.1166666666667,320
166204,29.016666666666666,43
166205,213.45,247
166206,0.23333333333333334,3
166207,45.66666666666667,39
166208,192.23333333333332,238
166209,54.666666666666664,76
166210,58.1,65
166211,8.45,108
166212,50.18333333333333,56
166213,0.13333333333333333,2
166215,1.3833333333333333,4
166216,180.58333333333334,118
166217,221.51666666666665,248
166218,483.98333333333335,345
166219,180.23333333333332,232
166220,291.6666666666667,291
166221,34.0,41
166222,201.66666666666666,238
166223,9.483333333333333,20
166225,1.2666666666666666,5
166226,395.6,438
166227,34.68333333333333,54
166228,1302.2,1903
166229,27.066666666666666,33
166230,82.31666666666666,95
166231,51.833333333333336,66
166232,9.016666666666666,10
166234,147.65,161
166235,0.2833333333333333,2
166236,847.55,862
166237,22.016666666666666,44
166238,68.56666666666666,84
166239,1.6833333333333333,4
166240,14.366666666666667,21
166241,63.416666666666664,81
166242,525.95,517
166243,135.61666666666667,150
166244,0.9166666666666666,4
166245,18.816666666666666,27
166247,8.933333333333334,26
166248,1.4166666666666665,6
166250,20.416666666666668,45
166251,155.41666666666666,1002
166252,291.0,331
166255,13.033333333333333,16
166256,6.666666666666667,147
166257,453.1166666666667,505
166258,196.95000000000002,142
166259,72.73333333333333,77
166260,847.7833333333333,848
166262,145.38333333333333,149
166263,1006.8333333333334,812
166264,16.133333333333333,21
166265,17.28333333333333,19
166267,2590.2166666666667,3844
166268,55.516666666666666,63
166270,2.85,10
166273,87.95,71
166274,1.1333333333333333,3
166276,49.4,61
166277,2221.983333333333,3924
166279,61.6,70
166280,1.5833333333333335,5
166281,10.65,18
166289,307.68333333333334,133
166290,24.6,32
166292,386.45,395
166294,12.55,18
166296,20.466666666666665,36
166297,8.483333333333334,18
166298,107.41666666666667,161
166299,52.96666666666667,62
166300,1.1,4
166301,49.68333333333333,63
166302,140.13333333333333,179
166303,304.71666666666664,331
166304,84.9,107
166307,19.683333333333334,34
166308,19.966666666666665,21
166309,175.46666666666667,329
166310,37.46666666666667,31
166311,0.5333333333333333,6
166313,0.06666666666666667,2
166314,38.61666666666667,50
166315,28.933333333333334,45
166317,106.4,113
166318,2.033333333333333,4
166320,471.68333333333334,425
166323,52.85,54
166324,2230.0333333333333,3269
166325,948.2,2188
166326,1661.6833333333334,2846
166327,8.0,23
166328,80.53333333333333,109
166329,511.9,450
166331,160.48333333333332,208
166333,277.76666666666665,274
166334,0.5,6
166335,340.4166666666667,407
166336,17.85,20
166337,193.56666666666666,210
166339,105.98333333333333,124
166341,384.1333333333333,438
166342,184.15,195
166343,7.633333333333333,50
166344,32.7,10
166346,14.666666666666666,18
166347,62.083333333333336,98
166348,123.28333333333333,137
166350,133.85,150
166351,513.1666666666666,656
166355,27.25,41
166356,9.75,15
166357,777.2,1349
166358,9.5,12
166360,4.1,8
166361,9.033333333333333,19
166362,220.1,267
166363,436.43333333333334,489
166364,291.4166666666667,420
166366,5.016666666666667,6
166367,29.1,46
166368,20.316666666666666,21
166369,0.65,2
166370,73.4,85
166371,40.85,56
166373,5667.783333333333,5913
166374,4205.283333333334,4566
166378,653.5833333333334,835
166379,6.516666666666667,26
166380,105.2,116
166381,251.25,291
166382,488.01666666666665,530
166383,369.93333333333334,179
166384,514.6833333333333,548
166385,23.7,26
166386,271.1666666666667,174
166387,40.733333333333334,42
166391,2.0166666666666666,6
166392,73.28333333333333,88
166393,134.33333333333334,162
166394,1464.6166666666666,1983
166395,10.05,27
166397,324.1,341
166401,8.033333333333333,9
166406,0.5,4
166411,355.51666666666665,360
166418,124.01666666666667,131
166419,14.3,19
166420,1425.8833333333332,1368
166421,568.5166666666667,502
166422,94.51666666666667,100
166423,20.2,25
166424,142.03333333333333,210
166425,48.199999999999996,59
166426,55.11666666666667,76
166427,305.26666666666665,376
166429,67.68333333333334,75
166430,193.7,160
166431,643.9833333333333,682
166432,862.8000000000001,514
166433,6.016666666666667,9
166434,36.25,42
166435,48.43333333333333,52
166436,1542.9666666666667,872
166437,325.73333333333335,632
166438,312.8,586
166439,74.81666666666666,92
166442,29.96666666666667,62
166443,70.25,83
166444,52.18333333333333,56
166445,2.8833333333333333,9
166452,0.0,1
166455,30.083333333333332,33
166458,253.43333333333334,287
166459,0.0,2
166460,193.85,260
166462,166.95,209
166463,4.966666666666667,9
166464,23.53333333333333,32
166465,0.16666666666666666,2
166470,106.65,115
166471,1.7166666666666666,4
166472,2596.1833333333334,2801
166473,137.56666666666666,127
166475,1.65,21
166476,40.166666666666664,62
166477,13.299999999999999,24
166479,13.15,15
166480,17.766666666666666,29
166481,1.4166666666666667,7
166482,8.116666666666667,15
166483,21.2,49
166484,56.28333333333333,83
166485,25.116666666666667,28
166486,39.166666666666664,48
166487,348.2,250
166488,113.23333333333333,127
166489,278.9,300
166490,112.85,155
166491,598.75,420
166492,3.1,10
166495,0.23333333333333334,6
166496,129.51666666666668,236
166499,166.9,122
166501,695.0833333333334,636
166502,57.81666666666666,73
166503,13.7,23
166504,5.816666666666666,10
166505,215.23333333333332,129
166506,148.28333333333333,185
166507,160.71666666666667,175
166508,185.55,193
166509,310.6,312
166510,9.133333333333333,15
166511,23.316666666666666,30
166512,27.116666666666667,40
166513,228.28333333333333,121
166514,130.3,156
166517,130.81666666666666,220
166518,98.2,91
166521,341.56666666666666,284
166523,315.93333333333334,408
166525,390.21666666666664,227
166526,275.05,402
166527,264.18333333333334,215
166528,2.783333333333333,5
166529,139.11666666666667,163
166530,129.03333333333333,155
166531,103.05,148
166532,1.1,4
166533,27.75,64
166535,8.233333333333334,15
166536,60.4,36
166537,108.26666666666667,130
166538,566.9833333333333,1223
166540,165.03333333333333,208
166541,19.45,20
166542,317.46666666666664,335
166543,299.21666666666664,308
166544,25.95,44
166545,400.43333333333334,372
166546,9.283333333333333,20
166549,65.56666666666666,85
166550,7.466666666666667,12
166551,0.4166666666666667,3
166552,0.16666666666666666,2
166553,13.383333333333333,19
166554,10.133333333333333,20
166555,12.983333333333333,22
166556,102.96666666666667,117
166557,1.45,6
166559,20.53333333333333,28
166560,2.216666666666667,5
166561,0.11666666666666667,5
166564,3863.4166666666665,4072
166565,3.8,8
166566,137.0,161
166568,15.05,22
166569,256.3,119
166570,241.56666666666666,350
166572,36.8,72
166574,10.9,15
166575,124.48333333333333,136
166576,43.68333333333333,49
166577,368.98333333333335,432
166578,653.3166666666666,701
166579,17.316666666666666,33
166580,262.55,134
166582,121.23333333333333,106
166583,0.31666666666666665,2
166584,131.21666666666667,181
166586,21.65,26
166587,0.8833333333333333,6
166588,0.3666666666666667,13
166589,0.13333333333333333,4
166590,42.93333333333334,53
166591,6.766666666666667,11
166592,62.85,67
166593,3740.9,3819
166594,686.3833333333333,745
166595,871.1666666666666,916
166596,1614.5333333333333,1661
166597,588.4833333333333,622
166598,734.4666666666667,758
166599,1583.0333333333333,1601
166600,1771.1333333333332,2321
166601,1467.2166666666667,1502
166602,2057.383333333333,2232
166603,243.3,268
166604,1295.4,1351
166605,942.4666666666667,975
166606,920.4,1009
166607,2771.1,2792
166608,1222.0,1463
166609,1761.6666666666667,1906
166610,2951.9166666666665,3035
166611,3459.7,3752
166612,980.7166666666667,1107
166613,2580.9,4164
166614,3008.3166666666666,3755
166615,609.2166666666667,673
166616,2285.85,2326
166617,2226.7,2153
166618,5305.433333333333,5353
166619,930.3833333333333,994
166620,1864.0833333333333,1925
166621,1684.8333333333333,1878
166622,1450.9833333333333,1595
166625,1.8833333333333333,4
166626,7.133333333333333,12
166627,191.1,235
166628,775.9,1008
166629,27.1,84
166630,34.25,57
166632,366.8666666666667,317
166633,31.8,52
166634,56.55,64
166635,1.7333333333333334,12
166637,86.58333333333333,107
166640,15.366666666666667,20
166641,181.5,192
166642,0.3666666666666667,6
166646,818.9166666666666,743
166647,0.0,2
166649,0.0,1
166650,0.0,2
166651,15.733333333333333,25
166653,154.6,186
166654,7.666666666666667,31
166655,101.48333333333333,124
166656,48.56666666666666,83
166657,0.5333333333333333,3
166658,566.7166666666667,812
166659,5.283333333333333,34
166661,217.43333333333334,172
166662,1.0166666666666666,2
166663,0.2,3
166665,10.95,17
166666,0.31666666666666665,2
166667,207.53333333333333,131
166668,188.83333333333334,196
166671,57.833333333333336,93
166672,4.083333333333333,16
166673,25.266666666666666,31
166674,622.3,610
166675,1.25,15
166676,151.9,127
166677,175.31666666666666,119
166678,1.6500000000000001,6
166679,6.116666666666666,40
166680,305.28333333333336,371
166683,91.65,95
166684,179.03333333333333,205
166687,0.4166666666666667,2
166692,3906.8166666666666,5979
166695,956.1,1241
166697,7.483333333333333,19
166699,45.4,59
166700,134.9,118
166701,179.58333333333334,132
166702,0.3666666666666667,3
166703,1255.7,1309
166704,63.766666666666666,70
166706,88.71666666666667,104
166707,5.1499999999999995,11
166709,54.3,35
166712,535.15,502
166713,5.05,21
166714,167.05,174
166715,246.66666666666666,289
166716,294.01666666666665,303
166717,5.15,9
166722,397.25,453
166723,253.03333333333333,273
166724,339.7833333333333,380
166725,0.0,2
166726,21.633333333333333,22
166727,966.4833333333333,960
166728,0.15,3
166729,28.933333333333334,40
166731,0.4,3
166732,265.43333333333334,301
166733,57.88333333333333,65
166734,5.016666666666667,6
166735,104.66666666666667,115
166736,69.76666666666667,73
166737,158.41666666666666,163
166738,46.46666666666667,48
166740,190.71666666666667,200
166741,72.2,75
166742,3.7,8
166743,5.85,8
166744,416.73333333333335,378
166745,71.86666666666666,93
166746,443.26666666666665,420
166747,62.88333333333333,75
166748,132.33333333333334,191
166749,120.01666666666667,128
166750,3.716666666666667,7
166751,132.96666666666667,38
166752,44.083333333333336,44
166753,3.283333333333333,12
166754,1.8333333333333333,4
166755,147.11666666666667,223
166756,340.81666666666666,391
166757,2.8166666666666664,15
166759,13.516666666666667,24
166760,0.45,4
166762,14.95,45
166763,66.85,73
166764,1072.7333333333333,1264
166765,103.35,87
166766,64.51666666666667,67
166767,11.616666666666667,28
166768,690.9166666666666,1057
166769,0.6666666666666666,7
166770,753.85,632
166772,581.6166666666667,576
166777,20.85,39
166778,610.85,633
166779,123.56666666666666,142
166780,1465.2166666666667,1361
166781,25.5,28
166782,64.35,42
166783,193.48333333333332,194
166786,343.2833333333333,342
166787,2.816666666666667,20
166788,106.2,106
166789,2233.7,2494
166790,90.45,152
166791,246.18333333333334,210
166792,0.9333333333333333,6
166793,178.5,193
166794,525.85,580
166795,11.266666666666666,17
166796,1.7833333333333332,9
166798,136.75,160
166799,2.4333333333333336,4
166800,1.1166666666666667,4
166801,1.0166666666666666,2
166802,102.08333333333333,108
166803,14.833333333333334,18
166804,436.3666666666667,472
166805,118.08333333333333,151
166806,200.31666666666666,164
166808,7.133333333333334,14
166810,228.88333333333333,239
166813,1001.1666666666666,1520
166816,716.1333333333333,741
166817,65.06666666666666,68
166818,30.233333333333334,67
166819,19.866666666666667,26
166822,59.78333333333333,65
166824,22.566666666666666,33
166825,65.35,67
166827,9.616666666666667,14
166828,117.11666666666666,123
166829,0.2833333333333333,2
166830,71.11666666666666,69
166832,30.349999999999998,49
166833,0.1,2
166837,0.0,2
166838,16.78333333333333,26
166839,23.816666666666666,31
166840,173.55,196
166841,14.183333333333334,37
166850,109.56666666666666,123
166851,19.65,25
166852,68.8,54
166858,141.38333333333333,215
166859,22.1,27
166861,89.88333333333333,113
166862,300.15,323
166863,49.2,56
166864,25.516666666666666,30
166865,1981.4833333333333,2156
166866,3.9333333333333336,6
166867,313.0833333333333,331
166868,445.8833333333333,469
166869,15.666666666666666,19
166870,357.3333333333333,259
166871,8235.933333333332,6161
166873,2.95,11
166874,17.8,36
166875,33.2,53
166879,67.45,104
166880,32.25,73
166881,28.383333333333333,82
166882,76.8,150
166883,0.9833333333333334,6
166884,67.89999999999999,100
166885,22.95,26
166887,134.63333333333333,141
166888,49.583333333333336,107
166889,31.65,65
166890,150.81666666666666,204
166893,194.96666666666667,193
166895,113.3,151
166896,24.683333333333334,42
166898,18.066666666666666,40
166899,17.5,72
166900,197.33333333333334,148
166901,10.55,46
166902,3.283333333333333,54
166903,6.35,16
166904,43.38333333333333,81
166914,0.4,13
166915,1.4666666666666666,7
166916,2.75,14
166917,18.166666666666668,40
166918,374.4166666666667,388
166919,1.0,6
166920,76.56666666666666,66
166921,4.949999999999999,6
166922,25.583333333333332,33
166924,6124.65,7123
166925,1293.2166666666667,1908
166926,902.5166666666667,923
166927,664.3166666666666,696
166929,374.31666666666666,192
166930,725.8833333333333,721
166932,173.88333333333333,189
166934,393.3,386
166937,220.55,367
166939,338.7833333333333,376
166940,133.56666666666666,156
166941,120.01666666666667,31
166942,647.1333333333333,602
166943,1196.5333333333333,1179
166944,123.3,130
166945,0.0,1
166946,355.93333333333334,282
166947,2.2666666666666666,6
166948,628.75,467
166949,49.56666666666666,50
166952,17.05,24
166954,416.48333333333335,237
166955,193.01666666666665,139
166956,226.91666666666666,251
166957,380.7833333333333,408
166958,73.66666666666667,82
166959,50.75,63
166960,3.4833333333333334,8
166961,116.96666666666667,135
166962,247.53333333333333,301
166963,3.5,9
166965,0.0,1
166966,6.733333333333333,8
166967,38.13333333333333,46
166968,249.29999999999998,257
166969,23.866666666666667,26
166972,98.35,113
166973,96.96666666666667,114
166974,48.95,57
166975,334.9166666666667,51
166976,84.61666666666666,113
166978,0.95,7
166979,499.21666666666664,551
166980,169.41666666666666,178
166981,176.78333333333333,80
166982,316.35,221
166983,448.35,398
166985,121.93333333333334,141
166986,60.81666666666666,72
166987,60.38333333333333,65
166988,249.13333333333335,147
166989,183.86666666666667,189
166990,6.566666666666666,8
166991,170.46666666666667,172
166993,110.6,125
166994,138.25,163
166995,270.3833333333333,288
166997,69.36666666666666,79
166998,73.73333333333333,78
166999,141.9,142
167000,56.833333333333336,68
167001,9.566666666666666,12
167003,81.68333333333334,95
167004,9.866666666666667,24
167005,68.56666666666666,64
167007,1.0333333333333334,7
167010,0.8166666666666667,3
167012,34.86666666666667,50
167013,116.48333333333333,103
167014,72.51666666666667,100
167015,0.55,7
167018,133.91666666666666,126
167019,82.41666666666667,107
167020,2.7666666666666666,8
167021,1.85,6
167022,56.06666666666666,57
167026,55.333333333333336,70
167027,49.016666666666666,50
167028,49.18333333333333,65
167029,102.73333333333333,172
167030,0.8,4
167031,24.566666666666666,29
167032,69.38333333333334,71
167034,30.633333333333333,36
167036,61.516666666666666,44
167038,88.0,104
167041,4.616666666666667,11
167043,11.533333333333333,13
167044,36.2,76
167045,169.11666666666667,207
167046,4.8,9
167049,167.51666666666668,168
167050,0.0,2
167051,5.1,17
167055,104.33333333333334,79
167056,1373.7666666666667,1423
167057,285.7,311
167058,0.7333333333333333,4
167060,6.916666666666667,11
167063,4.05,5
167067,0.3333333333333333,3
167069,35.166666666666664,52
167070,1.0333333333333334,2
167071,0.43333333333333335,2
167072,0.7666666666666667,2
167078,102.56666666666666,123
167079,1452.7166666666667,1372
167080,12.316666666666666,18
167083,2.716666666666667,8
167091,901.85,1181
167093,69.16666666666667,78
167094,262.8833333333333,295
167095,43.983333333333334,48
167096,403.45,554
167097,88.38333333333334,135
167098,476.43333333333334,533
167099,117.1,110
167100,164.6,172
167101,136.01666666666665,85
167102,39.55,88
167103,77.83333333333333,101
167104,11.75,18
167105,107.3,139
167106,44.53333333333333,57
167107,812.5333333333333,824
167108,63.46666666666667,69
167109,625.9,734
167110,104.76666666666667,129
167111,31.016666666666666,55
167112,935.9333333333333,714
167113,4.666666666666666,14
167114,5.066666666666666,8
167117,13.916666666666666,17
167118,0.48333333333333334,4
167119,7.516666666666667,20
167121,257.0,327
167124,143.04999999999998,156
167126,0.0,1
167127,32.483333333333334,48
167128,0.0,1
167129,5144.916666666667,5379
167130,71.55,93
167131,2785.983333333333,2647
167132,1263.1666666666667,1303
167133,1601.45,1754
167134,5216.216666666666,5121
167135,0.25,3
167136,3014.25,3577
167139,65.53333333333333,72
167140,5385.583333333333,4517
167141,5072.55,5061
167142,7025.466666666666,7957
167143,6475.833333333333,6741
167144,762.3,751
167145,5144.6,6317
167146,4560.866666666667,3647
167147,11597.783333333333,10613
167148,5054.1,4263
167149,9839.533333333333,10194
167150,293.51666666666665,323
167151,5207.733333333334,5987
167152,2788.8166666666666,3388
167153,4130.333333333333,3830
167154,3919.45,3645
167155,3287.616666666667,3544
167156,10354.1,11752
167157,24313.416666666668,31477
167158,81.0,62
167159,1596.05,1866
167160,3543.883333333333,4781
167162,2752.9666666666667,3283
167163,277.75,314
167164,2440.7,2084
167165,7949.233333333334,8383
167166,289.1166666666667,303
167167,4284.366666666667,2451
167169,3098.6666666666665,3532
167170,3682.9333333333334,3882
167171,7420.416666666667,5610
167172,13152.75,8841
167173,4026.983333333333,6120
167174,2241.383333333333,1339
167175,1826.9,2353
167176,4319.3,4738
167177,5542.9,5998
167178,5694.7,6611
167179,1652.15,1484
167180,103.46666666666667,824
167181,650.65,776
167182,1.0166666666666666,2
167185,50.449999999999996,48
167186,2.716666666666667,12
167187,68.58333333333333,93
167188,0.4,2
167189,13.35,13
167190,98.2,122
167191,96.21666666666667,112
167192,111.75,133
167193,197.8,222
167194,246.71666666666667,256
167195,69.25,74
167196,206.58333333333334,220
167197,150.45,162
167198,188.31666666666666,203
167199,111.38333333333333,118
167200,44.55,60
167201,133.88333333333333,158
167202,136.0,169
167203,192.03333333333333,189
167204,262.1166666666667,249
167205,133.63333333333333,157
167206,37.333333333333336,43
167207,71.26666666666667,86
167208,24.266666666666666,32
167209,132.98333333333332,155
167210,64.45,77
167211,109.88333333333334,124
167212,141.6,150
167213,135.18333333333334,165
167214,100.18333333333334,108
167215,63.61666666666667,74
167216,101.88333333333333,121
167217,128.88333333333333,144
167218,256.3833333333333,269
167219,159.31666666666666,180
167220,159.41666666666666,169
167221,37.2,46
167222,145.46666666666667,159
167223,236.35,248
167224,125.43333333333334,165
167225,147.41666666666666,163
167226,160.5,181
167227,112.13333333333333,131
167228,198.63333333333333,203
167229,94.6,117
167230,168.45,196
167231,147.56666666666666,166
167232,200.25,219
167233,83.28333333333333,93
167234,57.25,69
167235,126.03333333333333,145
167236,62.21666666666667,67
167237,127.95,147
167238,54.2,73
167239,189.53333333333333,206
167240,115.83333333333333,126
167241,147.73333333333332,175
167242,116.78333333333333,133
167245,1174.05,1334
167246,200.2,211
167247,112.56666666666666,130
167250,2771.4666666666667,2708
167251,2130.05,2391
167252,1593.75,2884
167253,1942.95,2936
167254,8869.083333333334,9200
167255,5397.366666666667,4867
167256,3410.383333333333,4674
167257,2349.75,3524
167258,8840.0,4519
167259,2764.5333333333333,3503
167260,3697.9666666666667,5785
167261,1006.55,2078
167262,11979.85,11266
167265,1827.9833333333333,2084
167266,1973.3666666666666,2474
167267,8603.316666666668,12388
167268,2970.05,3682
167269,1571.9333333333334,1650
167270,4546.466666666666,5277
167271,7928.383333333333,9339
167272,5860.7,5930
167273,565.4833333333333,1072
167274,1107.0333333333333,1240
167275,2262.383333333333,2476
167276,4169.866666666667,4546
167277,7400.966666666666,7883
167278,8231.35,16318
167279,823.9166666666666,1430
167280,2477.866666666667,3358
167281,3969.55,7438
167283,1754.25,1975
167284,6658.05,8767
167286,8648.366666666667,9834
167288,5296.183333333333,8067
167290,8674.666666666666,6932
167291,6380.433333333333,7094
167293,26.566666666666666,36
167294,1440.55,2208
167296,7507.083333333333,8551
167297,3908.366666666667,4550
167298,5649.283333333333,7769
167300,1807.5333333333333,2165
167301,4683.566666666667,5376
167302,695.1,1169
167303,3665.1833333333334,6272
167304,5101.533333333333,7666
167305,34.75,37
167306,107.83333333333333,118
167307,5214.766666666666,6413
167309,1326.5666666666666,1630
167310,335.48333333333335,132
167311,764.5166666666667,800
167312,82.44999999999999,13
167314,346.23333333333335,959
167317,6457.933333333333,6852
167318,4849.016666666666,6334
167319,3999.9166666666665,5910
167320,2225.7,2421
167321,5509.666666666667,6293
167322,11707.483333333334,12696
167323,70.43333333333334,912
167324,4166.516666666666,5319
167325,7596.2,7796
167326,1529.9333333333334,2143
167327,8049.583333333333,9265
167328,4200.533333333333,4531
167330,6511.633333333333,6436
167331,14809.25,15135
167333,64.01666666666667,639
167335,2226.5,2938
167336,708.45,1417
167338,1.7666666666666666,14
167341,4483.333333333333,5114
167342,377.1,532
167343,1055.6166666666666,1184
167344,660.85,695
167345,273.56666666666666,311
167346,693.7666666666667,730
167347,818.7666666666667,840
167348,676.35,846
167349,1299.4333333333334,1668
167350,586.0333333333333,641
167351,610.0333333333333,692
167352,838.8166666666666,968
167353,1395.7166666666667,1579
167354,796.25,928
167355,671.2333333333333,768
167356,437.65,494
167357,1902.25,1548
167358,1068.6166666666666,1267
167359,1126.5333333333333,1268
167360,22.8,25
167361,2054.5333333333333,1917
167362,5295.016666666666,5668
167363,1400.4333333333334,1357
167364,2068.366666666667,2045
167365,1027.0333333333333,1147
167366,1900.9,2097
167367,958.9166666666666,838
167368,738.35,835
167371,148.35,147
167372,748.0833333333334,972
167373,1244.4666666666667,1754
167374,968.2333333333333,1126
167375,603.7333333333333,778
167376,1121.0833333333333,1367
167377,4176.25,5547
167378,37.983333333333334,78
167379,335.3,405
167380,458.96666666666664,509
167381,143.46666666666667,189
167382,40.71666666666667,46
167383,366.8,349
167384,99.31666666666666,124
167385,726.35,751
167387,1991.8333333333333,1810
167388,1039.0833333333333,1116
167389,1392.6666666666667,1400
167390,677.2333333333333,668
167391,587.7333333333333,558
167392,3828.3,2676
167393,1304.4333333333334,1391
167394,922.9333333333333,2336
167395,959.6166666666667,1260
167396,1137.65,2119
167397,224.8,324
167398,1516.0666666666666,1391
167399,841.0666666666667,1681
167400,953.6833333333333,1240
167401,2009.4833333333333,2657
167402,894.0666666666667,1976
167403,491.5833333333333,597
167404,1019.3166666666666,1505
167405,761.1333333333333,919
167406,3463.1833333333334,4487
167407,418.28333333333336,734
167408,2094.0666666666666,3573
167409,355.7,315
167410,713.85,1460
167411,445.71666666666664,754
167412,1164.6333333333332,1426
167413,587.0833333333334,879
167414,1122.6333333333334,1766
167415,85.63333333333333,103
167416,388.5833333333333,514
167417,131.83333333333334,190
167418,104.16666666666667,126
167419,82.81666666666666,127
167420,679.7166666666667,801
167421,1258.5833333333333,1261
167422,153.2,158
167424,1663.9333333333334,2264
167425,768.3166666666667,958
167426,203.28333333333333,268
167427,11.15,22
167428,20.03333333333333,49
167429,309.95,348
167430,210.46666666666667,281
167431,22.683333333333334,35
167432,388.56666666666666,406
167433,4396.9,4999
167434,1085.6833333333334,1705
167435,90.63333333333333,138
167436,10.466666666666667,41
167437,491.1,1138
167438,156.81666666666666,208
167439,1586.1,2131
167441,1863.95,2684
167444,1044.15,1126
167445,635.1,726
167446,316.81666666666666,422
167447,760.4666666666667,928
167448,2301.4,2451
167449,105.35,133
167450,328.15,399
167451,334.3833333333333,358
167452,53.516666666666666,63
167453,1802.45,1791
167454,1379.7666666666667,2726
167455,285.85,294
167456,656.7333333333333,637
167457,38.06666666666666,48
167458,25.483333333333334,37
167459,0.8999999999999999,6
167461,420.5,743
167462,811.1666666666666,928
167464,1087.7,1263
167465,1307.5666666666666,1624
167467,1.9333333333333331,3
167469,235.96666666666667,859
167470,1478.2,1774
167471,400.6,692
167472,495.18333333333334,651
167473,7368.333333333333,8747
167474,8347.833333333334,9241
167475,114.46666666666667,111
167477,1.4666666666666666,13
167479,4.1499999999999995,9
167480,0.26666666666666666,4
167487,102.01666666666667,126
167488,253.76666666666665,316
167489,1643.3,928
167490,3350.133333333333,3636
167491,1413.8666666666666,1455
167492,1578.4166666666667,1344
167493,1281.4833333333333,1261
167494,1571.4666666666667,1935
167495,903.4166666666666,737
167496,6294.25,6920
167497,9439.183333333332,10113
167498,6206.116666666667,7139
167499,5179.25,5920
167500,427.21666666666664,272
167501,5310.383333333333,5711
167502,3993.5666666666666,2926
167503,5412.45,6004
167504,2690.4333333333334,2165
167505,1155.6,1405
167506,1623.7166666666667,2122
167507,5930.783333333334,6316
167508,585.6,672
167509,8352.983333333334,6986
167510,3836.5,4269
167511,4924.983333333334,4534
167512,7140.366666666667,7701
167513,5591.75,3693
167514,6409.033333333333,6879
167515,5364.1,6157
167516,8944.683333333332,10645
167517,6560.4,6675
167518,8878.566666666668,11470
167519,8631.916666666666,7483
167520,2843.55,3430
167521,6081.683333333333,6180
167522,1214.0,1231
167523,4.2,13
167529,3066.8333333333335,4863
167530,5437.883333333333,6176
167532,19.05,13
167534,584.75,709
167535,1371.0666666666666,1443
167536,486.09999999999997,532
167537,116.51666666666667,147
167538,1323.1,1400
167539,780.6166666666667,1125
167540,746.9,903
167541,784.6,898
167542,834.9,838
167543,1448.7333333333333,1598
167544,472.84999999999997,575
167545,397.21666666666664,436
167546,1022.9833333333333,838
167547,2311.8333333333335,2053
167548,1739.8,1878
167549,3081.0166666666664,2986
167550,663.0833333333334,809
167551,3879.616666666667,3270
167552,1378.3333333333333,1426
167553,1369.6,1529
167554,266.26666666666665,296
167555,984.0666666666666,1193
167556,147.56666666666666,173
167557,2119.866666666667,2625
167558,579.6833333333334,375
167559,5434.333333333333,7539
167560,888.8333333333334,1008
167561,3281.3333333333335,3696
167562,8075.516666666666,9756
167563,2480.133333333333,2512
167564,690.3166666666666,891
167565,982.9666666666667,949
167566,3463.7833333333333,3507
167567,496.93333333333334,603
167568,444.43333333333334,648
167569,969.35,973
167570,1280.85,1438
167571,1230.6166666666666,1176
167572,1583.9333333333334,1408
167573,2858.616666666667,2429
167574,3442.983333333333,4016
167575,1691.6499999999999,1630
167576,1362.4333333333334,1415
167577,1574.9833333333333,1706
167578,1648.4666666666667,1692
167579,2050.616666666667,2123
167580,1081.65,1073
167581,1731.8666666666666,1587
167582,471.3333333333333,625
167583,1425.65,1679
167584,731.0833333333334,791
167585,3713.2166666666667,2904
167586,289.1,356
167587,1112.4333333333334,1191
167588,945.35,935
167589,1977.1333333333332,2150
167590,4251.866666666667,5029
167591,3942.6666666666665,5592
167593,1.2333333333333334,4
167599,248.71666666666667,200
167600,4168.483333333334,4329
167601,6189.2,10522
167602,4014.8,4551
167603,1256.5666666666666,1785
167604,10528.0,12570
167605,5900.3,8149
167606,3258.75,6122
167607,10056.366666666667,4287
167608,2640.05,2949
167609,6339.8,5456
167610,3013.45,3283
167611,1742.8,2771
167612,10390.316666666666,11284
167613,3726.2166666666667,4426
167614,5312.166666666667,5687
167618,91.48333333333332,44
167621,3.3833333333333333,15
167623,0.0,1
167626,131.55,264
167628,1.15,6
167629,1731.9,1755
167630,175.33333333333334,202
167631,340.26666666666665,315
167634,1429.2333333333333,1321
167635,28.8,34
167636,13.783333333333333,45
167637,29.566666666666666,33
167638,18.8,32
167639,262.55,290
167640,12.416666666666666,16
167641,259.8,272
167642,115.31666666666666,122
167643,10.833333333333334,19
167644,38.766666666666666,41
167645,19.066666666666666,42
167646,294.73333333333335,314
167647,2.3666666666666667,20
167648,141.2,153
167649,336.81666666666666,349
167650,650.4833333333333,333
167651,38.233333333333334,50
167653,240.58333333333334,313
167654,1772.7833333333333,1944
167656,2860.133333333333,2977
167657,4532.8,4362
167658,4783.633333333333,5293
167659,3380.2,3830
167660,12795.866666666667,15204
167661,3473.5166666666664,3672
167664,0.11666666666666667,2
167665,7.033333333333333,21
167667,36.083333333333336,88
167668,2.0,21
167669,17.0,20
167670,45.88333333333333,38
167671,22.53333333333333,29
167672,79.85,67
167673,166.81666666666666,160
167674,293.3666666666667,293
167675,0.75,4
167676,16.03333333333333,25
167677,44.63333333333333,40
167678,37.81666666666666,36
167679,37.5,48
167680,39.13333333333333,40
167681,199.06666666666666,208
167682,65.28333333333333,80
167683,11.433333333333334,12
167684,8.566666666666666,18
167688,0.0,1
167689,2116.733333333333,2235
167692,6715.816666666667,5520
167694,4639.083333333333,5169
167695,469.01666666666665,1006
167696,3386.9333333333334,3817
167697,392.2,1195
167698,12574.283333333333,17771
167699,2923.116666666667,3904
167700,4042.25,5241
167701,2.2666666666666666,10
167702,4923.25,4548
167703,1788.9666666666667,2629
167704,463.3333333333333,1149
167705,3151.0,3404
167707,17.116666666666667,22
167708,3650.483333333333,4188
167710,70.8,88
167711,164.38333333333333,182
167712,256.6666666666667,269
167713,96.6,125
167714,86.61666666666666,133
167715,345.18333333333334,483
167716,1420.7,1340
167717,2834.95,2859
167718,59.1,75
167719,762.0666666666666,864
167720,5172.033333333333,6053
167721,992.7666666666667,1494
167722,595.55,675
167723,123.96666666666667,158
167724,263.5833333333333,288
167725,79.56666666666666,105
167726,143.01666666666665,179
167727,729.7833333333333,996
167728,969.3,1328
167729,73.98333333333333,93
167730,156.45,258
167731,30.566666666666666,46
167732,36.86666666666667,57
167733,44.36666666666667,75
167734,248.7,299
167735,492.25,566
167736,473.18333333333334,525
167737,72.16666666666667,80
167738,208.68333333333334,233
167739,860.1666666666666,1199
167740,421.6166666666667,679
167741,285.9166666666667,318
167742,249.3,295
167743,40.75,51
167744,215.5,228
167745,554.65,822
167746,687.7666666666667,1205
167747,293.43333333333334,318
167748,398.76666666666665,425
167749,139.08333333333334,224
167751,811.4833333333333,828
167752,103.75,139
167753,112.96666666666667,980
167754,1096.4333333333334,1746
167755,1001.4333333333333,1022
167756,386.56666666666666,408
167757,67.31666666666666,74
167758,290.3666666666667,301
167759,348.1666666666667,333
167760,404.41666666666663,484
167761,245.25,303
167762,823.75,848
167763,453.25,513
167764,236.03333333333333,361
167765,15.133333333333333,33
167766,360.1166666666667,856
167767,458.96666666666664,537
167768,496.96666666666664,1109
167769,155.05,552
167770,36.9,460
167771,202.61666666666667,248
167773,969.2166666666667,1495
167775,153.23333333333332,176
167776,17.916666666666668,41
167777,109.48333333333333,143
167778,105.98333333333333,165
167779,518.3666666666667,630
167780,115.46666666666667,131
167782,407.1,524
167783,452.6666666666667,973
167784,557.5833333333334,649
167785,997.6833333333333,989
167786,317.51666666666665,334
167788,394.85,452
167789,176.8,196
167790,819.0333333333333,867
167791,122.8,122
167792,1854.85,2193
167793,805.6166666666667,884
167794,2026.8666666666666,2301
167795,674.3333333333334,785
167796,118.23333333333333,129
167797,1223.05,1314
167798,744.0166666666667,763
167799,1019.3333333333334,1336
167800,66.33333333333333,69
167801,356.8833333333333,381
167802,301.8,346
167803,489.8833333333333,592
167804,534.3833333333333,634
167805,3414.116666666667,5737
167806,1072.5666666666666,1214
167807,301.45,316
167808,184.23333333333332,217
167809,3718.3166666666666,4059
167810,1547.5833333333333,1775
167811,921.0166666666667,1036
167812,653.4666666666667,655
167813,510.65,533
167814,1068.3,1099
167815,1216.2666666666667,1315
167816,503.31666666666666,501
167817,1831.1166666666666,1853
167819,478.7833333333333,647
167820,102.03333333333333,242
167821,428.96666666666664,576
167822,491.65,511
167823,1094.9,1616
167824,835.3333333333334,1473
167825,129.5,140
167826,353.2833333333333,1001
167827,1.1333333333333333,4
167828,132.3,169
167829,332.6333333333333,789
167830,161.71666666666667,182
167831,4379.45,4617
167832,37.666666666666664,87
167833,1269.0,1308
167834,111.78333333333333,137
167835,135.9,197
167836,504.3833333333333,651
167837,271.9,316
167838,726.4166666666666,953
167839,3524.383333333333,4073
167840,1414.4,1648
167841,123.35,127
167842,1545.75,1534
167843,2406.733333333333,2909
167844,1206.1,1336
167845,84.25,95
167846,58.0,60
167847,56.983333333333334,38
167849,0.1,2
167850,16.216666666666665,21
167852,0.31666666666666665,6
167853,950.2333333333333,960
167854,7.666666666666667,17
167857,0.6,10
167858,345.45,360
167860,80.28333333333333,108
167861,150.03333333333333,162
167862,64.18333333333334,77
167863,110.78333333333333,134
167864,65.5,87
167865,48.15,58
167866,77.8,85
167867,71.81666666666666,85
167868,65.03333333333333,79
167869,88.88333333333333,102
167870,46.416666666666664,57
167871,55.583333333333336,62
167872,55.35,67
167873,89.4,96
167874,65.3,75
167875,71.06666666666666,79
167876,64.33333333333333,72
167877,9.016666666666666,10
167878,20.03333333333333,21
167879,46.61666666666667,62
167880,67.8,87
167881,41.5,49
167882,116.28333333333333,131
167883,61.083333333333336,80
167884,77.65,88
167885,67.85,80
167886,51.483333333333334,60
167887,62.916666666666664,70
167888,62.63333333333333,78
167889,69.88333333333333,85
167890,68.13333333333333,84
167891,81.26666666666667,92
167892,69.81666666666666,91
167893,51.71666666666667,60
167894,103.13333333333333,110
167895,81.76666666666667,93
167896,38.45,45
167897,55.93333333333333,67
167898,113.51666666666667,138
167899,61.13333333333333,75
167900,64.91666666666667,80
167901,39.416666666666664,48
167902,1407.8666666666666,1575
167903,3829.383333333333,5150
167904,490.34999999999997,644
167905,2246.9333333333334,2390
167906,2941.5833333333335,3331
167907,5628.466666666666,5717
167909,7856.666666666667,9885
167910,43.61666666666667,59
167911,1674.05,2343
167912,4814.183333333333,7558
167913,9266.75,9224
167914,5582.15,7157
167915,5150.566666666667,6253
167916,7270.133333333333,9290
167917,166.6,167
167918,83.15,101
167920,949.9499999999999,1157
167924,1.0166666666666666,2
167926,0.0,3
167927,336.8,361
167928,434.43333333333334,513
167929,84.66666666666667,105
167931,114.7,131
167932,655.6,650
167933,1317.6,1413
167934,50.4,97
167935,271.3833333333333,311
167936,130.03333333333333,147
167937,0.43333333333333335,3
167938,45.18333333333333,64
167939,595.25,631
167940,634.95,734
167941,252.48333333333332,266
167942,440.8333333333333,440
167943,420.93333333333334,467
167944,177.91666666666666,190
167946,8.466666666666667,15
167947,1910.5833333333333,1878
167948,115.81666666666666,124
167949,404.56666666666666,473
167950,356.68333333333334,373
167951,0.06666666666666667,3
167952,1569.7666666666667,892
167953,970.1,1056
167954,256.4166666666667,281
167955,407.51666666666665,429
167956,397.8333333333333,385
167957,1116.7166666666667,1178
167958,155.35,163
167960,5349.5,6335
167961,86.26666666666667,133
167962,61.95,102
167963,10.866666666666667,10
167964,167.76666666666665,179
167965,18.05,36
167966,6.266666666666667,12
167967,422.75,105
167969,58.733333333333334,91
167970,51.7,172
167971,140.88333333333333,159
167972,8.716666666666667,13
167974,1.2,4
167977,9.049999999999999,16
167983,23.266666666666666,27
167992,0.8333333333333333,5
167993,16.35,26
167994,205.4,305
167995,68.43333333333334,98
168001,8.266666666666667,19
168002,272.8333333333333,317
168003,0.0,1
168005,219.06666666666666,327
168006,350.6333333333333,267
168007,143.08333333333334,196
168009,10.033333333333333,13
168013,168.48333333333335,117
168017,34.833333333333336,35
168021,30.15,36
168022,1069.5833333333333,1117
168023,805.9166666666666,880
168024,373.93333333333334,378
168025,3327.55,5401
168026,1.4666666666666666,4
168027,0.0,1
168028,52.13333333333333,50
168029,60.86666666666667,65
168037,216.5,247
168038,52.85,69
168040,163.33333333333334,191
168043,376.98333333333335,283
168045,873.7666666666667,1058
168046,410.8,560
168048,1.3166666666666667,4
168053,0.0,8
168054,5256.333333333333,5356
168055,6285.183333333333,9846
168056,1.0166666666666666,7
168057,1.2,4
168059,38.766666666666666,40
168060,1741.1333333333332,1593
168062,456.9166666666667,477
168063,1622.3333333333333,1470
168064,1432.4333333333334,1284
168065,981.6,831
168066,865.8166666666666,860
168067,517.15,582
168068,1008.0333333333333,1091
168069,356.43333333333334,315
168070,478.2,511
168071,2271.5666666666666,2348
168072,911.0166666666667,932
168073,14.6,29
168074,214.73333333333335,172
168075,750.2166666666667,712
168076,957.4166666666666,800
168077,780.4,679
168078,852.4499999999999,938
168079,859.8333333333334,586
168080,1288.5666666666666,1448
168081,926.2,1034
168082,1171.3666666666666,1092
168083,724.2166666666667,779
168084,145.38333333333333,110
168085,405.0,369
168086,333.2833333333333,371
168087,1190.4666666666667,889
168088,701.9833333333333,542
168089,320.3833333333333,367
168090,994.2166666666667,1023
168091,1124.7,1104
168093,167.33333333333334,227
168094,773.35,811
168095,189.16666666666666,181
168096,1129.15,1029
168097,928.2666666666667,1017
168098,1015.6666666666666,1160
168099,1151.7,1103
168100,1780.4166666666667,1669
168101,585.35,438
168103,692.5333333333333,676
168104,549.65,311
168105,522.8166666666666,275
168106,631.9333333333333,882
168107,311.7833333333333,406
168108,333.5833333333333,403
168109,591.65,696
168110,457.1333333333333,425
168111,92.86666666666666,100
168112,1120.6833333333334,1181
168113,1612.5,1421
168114,436.8833333333333,474
168115,861.6166666666667,936
168116,296.5833333333333,366
168117,1812.05,1782
168118,2415.8333333333335,2146
168119,1093.85,801
168120,230.35,224
168121,203.16666666666666,226
168122,249.96666666666667,419
168123,1204.4166666666667,1175
168124,251.83333333333334,281
168125,368.6,355
168126,225.18333333333334,234
168127,3125.9,3069
168128,152.6,173
168130,718.4666666666667,757
168131,323.3333333333333,353
168132,416.25,421
168133,746.85,898
168134,762.75,706
168135,1880.5833333333333,1601
168136,1287.7333333333333,1040
168137,498.68333333333334,535
168138,91.2,92
168139,83.13333333333333,84
168140,105.23333333333333,128
168142,1004.4333333333333,1029
168143,2484.483333333333,2249
168144,501.48333333333335,372
168145,1958.55,2318
168146,84.23333333333333,92
168147,238.9,253
168148,104.85,105
168149,496.5333333333333,542
168150,247.53333333333333,307
168151,435.5833333333333,326
168152,770.4,774
168153,2431.2166666666667,2157
168154,370.25,267
168156,782.9,1709
168157,3466.0166666666664,3897
168158,3324.2,3646
168159,4348.283333333334,4788
168160,7686.099999999999,4199
168161,6590.616666666667,7433
168162,2740.85,3864
168163,3385.233333333333,3951
168164,3285.15,3769
168165,6196.25,5940
168166,1429.5333333333333,1726
168168,1.5166666666666666,8
168170,54.3,73
168171,2168.8333333333335,1881
168172,609.0,679
168173,1464.6,2110
168174,6469.266666666666,6029
168176,5445.766666666666,6048
168177,6208.583333333333,5404
168180,2127.4166666666665,2449
168181,2489.25,2257
168183,4287.466666666666,5427
168184,184.43333333333334,266
168185,1718.6,1909
168186,4301.65,4739
168187,2145.05,2518
168188,4239.783333333334,2579
168189,270.18333333333334,318
168190,1202.9666666666667,1345
168192,1.4166666666666667,12
168193,68.46666666666667,146
168194,119.0,139
168195,324.3333333333333,360
168196,192.75,195
168197,296.9,303
168198,214.78333333333333,271
168199,103.9,98
168200,601.2,550
168203,2492.9333333333334,2484
168204,2777.95,3094
168205,0.0,13
168207,6.85,11
168208,6.7,16
168210,257.7,296
168211,2018.7666666666667,1985
168212,1444.4666666666667,1423
168213,706.1833333333333,853
168214,565.9833333333333,641
168215,1858.0166666666667,2066
168216,147.15,196
168217,469.95,588
168218,993.3333333333334,1405
168219,4204.0,4976
168220,378.2,483
168221,61.949999999999996,63
168222,528.2166666666667,661
168227,518.4,575
168229,17.033333333333335,23
168230,3979.383333333333,4733
168231,1035.2833333333333,1268
168232,1161.8166666666666,1316
168233,1978.6333333333332,2058
168234,2191.6666666666665,2387
168235,1348.1666666666667,1519
168236,542.8,669
168237,5819.416666666667,6129
168238,2888.9333333333334,2587
168239,3248.483333333333,4390
168240,2679.45,3278
168241,2735.45,2960
168242,3174.383333333333,3260
168243,2407.4,2891
168244,2914.55,3360
168245,1099.95,1101
168246,2520.2833333333333,3105
168247,3438.35,3794
168248,1593.8166666666666,1886
168249,4094.7166666666667,4425
168250,2794.4166666666665,3084
168251,1965.55,2361
168252,3277.383333333333,4132
168253,2544.85,2838
168254,2197.8333333333335,2430
168255,2321.05,2747
168256,2078.9166666666665,2378
168257,1745.05,1837
168258,1349.8,1579
168259,1393.6166666666666,1538
168260,65.11666666666666,69
168261,1066.25,1987
168262,974.05,1259
168263,10041.466666666667,11163
168264,0.4,6
168267,2737.05,3461
168268,1.3833333333333333,36
168270,3190.4166666666665,4023
168271,28.733333333333334,35
168273,1414.6666666666667,1957
168274,12866.3,17196
168275,6250.916666666667,6304
168276,342.68333333333334,492
168279,239.48333333333332,318
168281,0.7333333333333334,7
168283,1576.0,2015
168284,2042.5833333333333,2575
168286,0.7333333333333333,6
168291,125.41666666666667,165
168292,826.7666666666667,947
168293,238.95,313
168294,779.15,780
168295,1251.4666666666667,1338
168296,389.75,390
168297,558.9833333333333,641
168298,175.98333333333332,201
168299,6.55,14
168300,284.73333333333335,355
168301,262.8833333333333,294
168302,340.06666666666666,365
168303,396.9,458
168304,260.21666666666664,259
168305,1400.85,1525
168306,469.75,494
168307,609.8166666666666,765
168308,336.76666666666665,356
168309,409.98333333333335,443
168310,186.21666666666667,258
168311,489.4,513
168312,269.48333333333335,265
168313,288.0,302
168314,295.9,336
168315,585.4833333333333,584
168316,989.1833333333333,908
168317,183.81666666666666,225
168318,375.06666666666666,453
168319,1272.0833333333333,1645
168320,351.0833333333333,393
168321,273.48333333333335,320
168322,1180.7666666666667,1561
168323,542.2,534
168324,556.5166666666667,601
168325,489.4,582
168326,199.73333333333332,214
168327,329.46666666666664,378
168328,188.54999999999998,206
168329,627.25,646
168330,76.65,88
168331,0.25,2
168332,769.85,957
168333,4244.05,6067
168334,6829.833333333333,8208
168335,9745.616666666667,9785
168336,1632.7166666666667,2619
168337,2245.4166666666665,3040
168338,2590.9166666666665,3620
168339,4175.65,3994
168340,3288.1666666666665,4492
168341,1400.9166666666667,1659
168342,2307.5666666666666,2780
168343,4127.466666666666,4579
168344,6812.633333333333,7357
168345,4041.1833333333334,5343
168346,4217.75,5974
168347,3456.3,5533
168348,4296.883333333333,5532
168349,5573.616666666667,7173
168350,2751.4666666666667,3745
168351,912.4166666666666,1571
168352,4020.7166666666667,5818
168353,2057.0666666666666,2527
168354,6660.95,8074
168355,6278.566666666667,6967
168356,4895.233333333334,5903
168357,2405.3333333333335,2779
168358,4551.783333333334,6005
168359,4102.483333333334,6332
168360,3448.2833333333333,4941
168361,2333.133333333333,3041
168362,3723.7,5074
168363,4024.7666666666664,5508
168364,4042.9166666666665,5701
168365,3770.6666666666665,5017
168366,4055.8,4313
168367,3336.7,5421
168368,4207.5,5371
168369,4513.9,4841
168370,4667.133333333333,5404
168371,2911.883333333333,5030
168372,1779.1166666666666,2093
168373,4645.033333333333,5485
168374,4798.233333333334,7173
168375,4222.1,6738
168376,3806.4166666666665,4565
168377,1368.65,1731
168378,2337.2833333333333,3180
168379,6038.166666666667,7863
168380,4908.2,6581
168381,3810.616666666667,5338
168382,3450.5166666666664,4388
168383,1805.3833333333332,2442
168384,5281.3,6126
168385,5013.65,7421
168386,2776.616666666667,3440
168387,4068.7833333333333,6344
168388,2400.15,4736
168389,3710.5333333333333,4990
168390,3146.1833333333334,4818
168391,4212.2,7173
168392,3928.25,5360
168393,4812.133333333333,5693
168394,3864.5666666666666,4924
168395,2935.2833333333333,3575
168396,3032.0666666666666,4671
168397,5103.633333333333,7015
168398,3174.7833333333333,3823
168399,615.4,750
168400,1227.75,2369
168401,24.25,48
168402,530.4666666666667,614
168403,584.1666666666666,696
168404,383.8333333333333,581
168405,121.61666666666666,152
168406,480.16666666666663,366
168407,378.48333333333335,699
168408,244.2,185
168409,124.01666666666667,95
168430,819.2333333333333,928
168441,1262.5666666666666,1323
168442,1722.1333333333332,1943
168443,112.08333333333333,130
168444,43.9,63
168446,665.9166666666666,827
168448,170.95,357
168449,7027.6,6648
168452,35.083333333333336,54
168453,9.933333333333334,26
168472,0.18333333333333335,4
168476,0.4,6
168479,1178.5666666666666,1312
168481,1316.5666666666666,1461
168482,1500.9833333333333,1639
168483,1581.8666666666666,1711
168484,2231.2,2359
168486,1739.1833333333334,2074
168487,208.18333333333334,231
168488,344.71666666666664,364
168489,153.41666666666666,180
168490,438.0333333333333,490
168491,294.1,324
168492,209.98333333333332,255
168493,529.5666666666666,576
168494,455.16666666666663,403
168495,293.4,347
168496,46.85,72
168497,169.1,178
168498,580.6333333333333,526
168499,474.0,460
168500,607.4833333333333,644
168501,174.5,243
168502,335.8333333333333,349
168503,179.65,285
168504,251.98333333333332,299
168505,423.51666666666665,441
168506,405.45,409
168507,27.933333333333334,44
168508,268.8666666666667,338
168509,95.01666666666667,82
168510,50.6,60
168511,219.83333333333334,281
168512,425.26666666666665,298
168513,272.06666666666666,262
168514,169.3,197
168515,263.4,341
168516,339.8833333333333,399
168517,1097.1333333333334,706
168518,146.48333333333332,148
168519,23.45,39
168520,185.93333333333334,214
168521,103.36666666666666,111
168522,164.13333333333333,151
168523,292.35,267
168524,398.9,383
168525,855.8166666666666,1027
168526,641.8833333333333,649
168530,0.1,2
168532,0.3333333333333333,3
168539,666.9666666666667,409
168540,79.63333333333333,93
168541,100.7,109
168542,80.1,89
168543,123.76666666666667,134
168544,138.03333333333333,148
168545,56.766666666666666,68
168546,143.2,152
168547,112.9,128
168548,82.56666666666666,92
168549,23.5,32
168551,61.833333333333336,67
168552,73.91666666666667,81
168553,30.883333333333333,39
168554,61.25,73
168555,137.38333333333333,136
168556,52.016666666666666,54
168557,379.8666666666667,392
168558,131.35,140
168559,142.55,156
168560,75.46666666666667,84
168561,365.1666666666667,379
168562,59.81666666666666,69
168563,98.83333333333333,117
168564,85.46666666666667,114
168565,70.11666666666666,95
168566,94.48333333333333,108
168567,59.2,70
168568,138.4,149
168569,115.15,124
168570,81.96666666666667,93
168571,116.15,126
168572,117.41666666666667,134
168573,148.33333333333334,156
168574,176.15,186
168575,164.05,176
168576,133.43333333333334,164
168577,67.01666666666667,78
168578,152.46666666666667,162
168579,358.01666666666665,380
168580,98.83333333333333,110
168581,41.516666666666666,49
168582,91.15,114
168583,124.06666666666666,155
168584,220.23333333333332,235
168585,86.3,90
168586,93.53333333333333,110
168587,90.05,106
168588,230.68333333333334,247
168590,113.2,128
168591,342.4166666666667,381
168593,4415.933333333333,5062
168597,4.416666666666667,9
168599,4.85,28
168606,0.35,2
168610,43.833333333333336,53
168611,254.13333333333333,245
168612,173.68333333333334,226
168613,711.45,497
168614,273.0833333333333,268
168615,194.96666666666667,272
168616,846.3166666666666,793
168617,811.5,863
168618,473.1,286
168619,992.75,858
168620,244.71666666666667,285
168621,394.6,327
168622,226.9,280
168623,390.95,415
168624,173.41666666666666,176
168625,14.666666666666666,35
168626,222.48333333333332,208
168627,159.46666666666667,152
168628,236.18333333333334,258
168629,473.09999999999997,570
168630,594.7833333333333,596
168631,755.1333333333333,692
168633,130.15,176
168634,417.31666666666666,439
168635,552.3333333333334,590
168636,335.8,378
168637,479.2,503
168638,951.3,1012
168639,392.76666666666665,378
168640,262.15,273
168641,654.4166666666666,718
168642,1338.7,1318
168643,323.68333333333334,350
168644,560.0666666666666,652
168645,2102.8333333333335,1636
168646,345.4,386
168647,661.7833333333333,775
168648,689.9333333333333,476
168649,1124.6,856
168650,244.95,316
168651,196.2,89
168652,1173.4333333333334,1010
168653,112.11666666666666,132
168654,3.316666666666667,13
168655,598.7833333333333,589
168657,314.8333333333333,223
168658,277.56666666666666,210
168659,24.016666666666666,26
168660,496.15,367
168661,140.88333333333333,142
168663,253.6,267
168664,735.0,848
168666,269.85,339
168667,559.85,547
168668,153.31666666666666,174
168669,257.31666666666666,278
168670,408.23333333333335,440
168671,126.81666666666666,171
168672,83.66666666666667,110
168673,0.36666666666666664,7
168674,63.28333333333333,34
168675,495.2,433
168676,248.4,279
168677,123.46666666666667,126
168678,334.4166666666667,379
168679,37.3,55
168680,100.15,136
168681,310.51666666666665,344
168682,59.333333333333336,59
168683,839.3833333333333,801
168685,26.6,39
168686,263.65,359
168687,77.55,101
168688,521.6833333333333,466
168689,501.48333333333335,509
168690,786.6,838
168691,768.5833333333334,725
168692,207.01666666666665,256
168693,353.3833333333333,317
168694,521.65,508
168695,26.633333333333333,22
168696,85.53333333333333,89
168697,214.66666666666666,214
168698,115.43333333333334,160
168699,515.1666666666666,514
168701,246.61666666666667,333
168702,694.4833333333333,723
168703,322.96666666666664,348
168704,100.26666666666667,146
168705,0.0,1
168706,80.7,94
168708,862.9333333333333,744
168709,164.55,125
168710,778.9333333333333,802
168711,620.0833333333334,652
168712,570.15,556
168713,514.85,483
168714,67.43333333333334,69
168716,424.51666666666665,344
168717,672.75,659
168718,43.13333333333333,54
168719,567.0333333333333,618
168720,488.31666666666666,506
168721,143.85,162
168722,792.65,1004
168723,1355.1333333333334,1162
168724,291.9,323
168726,152.85,171
168727,503.31666666666666,522
168728,172.75,206
168729,96.93333333333334,90
168732,361.93333333333334,395
168740,59.4,76
168741,68.7,94
168742,101.26666666666667,117
168743,87.55,117
168744,178.61666666666667,195
168745,202.36666666666667,224
168746,45.666666666666664,57
168747,200.46666666666667,214
168748,110.56666666666666,126
168749,109.96666666666667,123
168750,199.65,215
168751,102.26666666666667,122
168752,180.08333333333334,206
168753,154.41666666666666,166
168754,64.11666666666666,84
168755,191.18333333333334,214
168756,194.7,212
168757,263.1666666666667,286
168758,106.56666666666666,144
168759,159.4,175
168760,77.36666666666666,90
168761,121.86666666666666,135
168762,244.55,271
168763,108.26666666666667,121
168764,118.18333333333334,134
168765,95.38333333333334,107
168766,94.2,111
168767,186.68333333333334,201
168768,203.2,216
168769,102.96666666666667,127
168770,132.8,160
168771,182.85,192
168772,172.8,192
168773,95.26666666666667,109
168774,67.66666666666667,82
168775,65.81666666666666,77
168776,171.55,187
168777,153.41666666666666,174
168778,165.51666666666665,181
168779,98.56666666666666,117
168780,293.65,316
168781,214.93333333333334,235
168782,155.91666666666666,175
168783,107.13333333333333,123
168784,186.66666666666666,195
168785,189.91666666666666,200
168786,218.08333333333334,230
168787,103.41666666666667,114
168788,202.6,220
168789,98.91666666666667,115
168790,167.43333333333334,184
168791,154.65,104
168792,217.9,232
168793,224.48333333333332,245
168794,200.36666666666667,206
168795,198.31666666666666,215
168796,147.83333333333334,159
168797,225.25,261
168798,172.78333333333333,194
168799,162.11666666666667,184
168800,462.26666666666665,471
168801,161.43333333333334,273
168805,1359.7166666666667,1515
168806,1407.7166666666667,1587
168807,2.3833333333333333,10
168808,578.2166666666667,1073
168810,0.8,7
168812,200.03333333333333,67
168815,63.6,95
168816,21.683333333333334,27
168820,144.56666666666666,668
168821,226.75,793
168822,1785.6666666666667,2399
168823,274.35,794
168824,1913.7833333333333,2200
168825,56.083333333333336,300
168826,448.43333333333334,1044
168827,807.05,1471
168828,3103.6,3628
168829,75.81666666666666,174
168830,7455.316666666667,2840
168831,70.08333333333333,642
168832,568.2833333333333,961
168833,699.8833333333333,1292
168834,2236.233333333333,2747
168835,1292.1666666666667,1585
168836,2657.8333333333335,2972
168837,483.05,785
168838,2198.733333333333,2780
168839,335.53333333333336,1168
168840,1225.95,2427
168841,297.98333333333335,506
168842,695.3666666666667,1076
168843,358.6166666666667,718
168844,2725.7,3069
168845,2543.6,2743
168846,551.9,645
168847,2498.2166666666667,2911
168849,3038.616666666667,3291
168850,933.1666666666666,1074
168851,1222.1333333333332,1923
168852,363.76666666666665,385
168853,143.38333333333333,762
168854,27.866666666666667,623
168855,1009.0,1544
168856,363.1166666666667,903
168857,237.46666666666667,901
168858,151.53333333333333,689
168859,600.95,617
168860,781.3833333333333,843
168861,748.7,835
168862,3880.3,4856
168863,522.7,564
168864,637.45,778
168865,36.233333333333334,41
168866,110.36666666666666,145
168867,148.5,218
168868,1816.3666666666666,1851
168869,537.45,588
168870,0.0,275
168871,65.5,91
168872,600.4166666666666,720
168873,655.3833333333333,764
168874,1618.8166666666666,1835
168875,609.3166666666666,834
168876,1605.45,2302
168877,531.1,534
168878,1266.6333333333334,1480
168879,749.8833333333333,818
168880,140.9,169
168881,1033.4333333333334,1133
168882,2733.8333333333335,2877
168884,83.63333333333333,94
168885,285.98333333333335,356
168886,348.21666666666664,418
168887,1558.8666666666666,1677
168888,640.2666666666667,1584
168889,437.6166666666667,546
168891,320.25,410
168892,1232.1333333333334,1510
168893,514.5,790
168894,948.5,1268
168895,1285.0166666666667,1388
168896,695.7666666666667,680
168897,204.21666666666667,208
168898,131.4,215
168899,567.9166666666666,742
168900,838.45,869
168901,334.95,377
168902,1638.8833333333332,2343
168903,1513.9333333333334,1535
168904,325.48333333333335,420
168905,746.15,958
168906,285.0,314
168907,36.916666666666664,44
168908,447.6666666666667,492
168909,127.26666666666667,183
168910,193.6,234
168911,3298.3166666666666,4095
168912,34.4,62
168913,389.21666666666664,423
168914,2240.616666666667,2295
168915,302.1166666666667,281
168916,1280.7166666666667,1383
168917,28.683333333333334,42
168919,891.0333333333333,1042
168920,760.6166666666667,859
168921,856.8666666666667,992
168922,267.6166666666667,281
168923,1247.4666666666667,1345
168924,1029.0,1133
168925,269.06666666666666,273
168926,1169.8333333333333,1366
168927,1101.0166666666667,1192
168928,1476.8833333333332,1473
168929,781.4666666666667,995
168930,1630.1666666666667,1845
168931,1629.3166666666666,1757
168932,1993.1,2149
168933,73.73333333333333,90
168934,2138.1,2222
168935,1407.8166666666666,1475
168936,502.8666666666667,514
168937,115.55,158
168939,1444.7333333333333,1667
168940,2844.8166666666666,2967
168941,68.08333333333333,73
168942,1615.2166666666667,1712
168943,23.9,50
168944,1121.1,1221
168945,66.15,82
168946,743.4833333333333,825
168947,210.4,253
168948,511.1,545
168949,643.5833333333334,662
168950,573.4166666666666,595
168951,263.8666666666667,289
168952,1067.8666666666666,1163
168953,284.75,332
168954,1374.4833333333333,1422
168955,359.8,377
168956,1823.75,1916
168957,5.016666666666667,74
168959,15.216666666666667,24
168960,334.55,351
168961,1104.3833333333334,1207
168962,1655.0833333333333,2368
168963,5.266666666666667,8
168964,1126.35,1235
168965,103.75,113
168966,252.2,256
168967,779.4666666666667,975
168969,61.900000000000006,48
168970,1234.0166666666667,1290
168971,649.9166666666666,869
168972,475.9166666666667,509
168973,205.36666666666667,270
168974,2.0,3
168975,162.61666666666667,221
168976,101.66666666666667,125
168977,235.0,234
168979,85.78333333333333,94
168980,942.0333333333333,1495
168981,567.6,1005
168982,2767.95,3364
168983,2146.3166666666666,2360
168984,884.9833333333333,1359
168985,1372.45,1896
168986,2456.35,2681
168987,2137.616666666667,2412
168988,1850.7166666666667,2135
168990,3577.8,4132
168991,955.85,1367
168992,23.266666666666666,77
168993,1348.5,1433
168994,1732.2,1900
168995,1300.6,1548
168996,803.4166666666666,1216
168997,879.1833333333333,1050
168998,2063.25,2597
168999,1244.0333333333333,1391
169000,1105.7666666666667,1240
169001,2115.2,2458
169002,1931.8333333333333,2135
169003,842.7333333333333,984
169004,3358.4333333333334,4117
169005,804.2333333333333,1017
169006,2106.2,2304
169007,9186.05,4161
169008,1612.0,2125
169009,1528.4166666666667,1790
169010,2121.9833333333336,2296
169011,1406.9666666666667,1580
169012,1712.3,1900
169013,1072.0166666666667,1368
169014,1856.2666666666667,1927
169015,2041.4666666666667,2445
169016,1693.1333333333332,1995
169017,2077.1666666666665,2433
169018,2045.6666666666667,2233
169019,616.6833333333333,736
169020,1722.3666666666666,1907
169021,1686.3333333333333,1975
169022,2996.1666666666665,3486
169023,3107.9333333333334,3561
169024,4719.633333333333,6073
169025,3.316666666666667,5
169026,1.1333333333333333,4
169027,378.2,420
169028,227.18333333333334,261
169029,1276.35,1439
169030,2564.383333333333,2920
169031,1810.95,2251
169032,2847.7166666666667,3353
169034,2725.0833333333335,3070
169036,3629.05,4087
169037,2221.1833333333334,2444
169038,1947.6166666666666,2139
169045,4756.533333333334,5808
169046,6272.383333333333,7041
169049,1094.3833333333334,1993
169050,580.85,1262
169051,419.53333333333336,742
169052,1225.9,1337
169053,65.45,498
169054,152.96666666666667,465
169055,74.08333333333333,555
169056,2712.1833333333334,3751
169057,1195.3833333333332,2305
169058,64.31666666666666,547
169059,639.85,1545
169060,579.4333333333333,673
169061,1130.8166666666666,1991
169063,573.7666666666667,1070
169064,1515.8166666666666,1815
169065,808.4833333333333,1804
169066,2024.1666666666667,2626
169067,363.26666666666665,778
169068,2804.7166666666667,3939
169069,2383.0333333333333,2606
169070,1711.4333333333334,2399
169071,1747.1499999999999,2280
169072,1618.8666666666666,1986
169073,2224.383333333333,2718
169074,848.5166666666667,1016
169075,2025.9666666666667,2074
169076,1887.2833333333333,1998
169077,1817.3166666666666,2543
169078,4317.9,5005
169079,658.35,1900
169080,1610.6,2762
169081,1313.7166666666667,1468
169082,2624.483333333333,2708
169083,491.35,672
169084,2573.1833333333334,2996
169085,2096.983333333333,2774
169086,518.3166666666667,1690
169087,384.6,453
169088,491.5833333333333,769
169089,1653.8333333333333,1780
169090,998.7333333333333,1596
169091,1398.3333333333333,2533
169092,960.9166666666666,1153
169093,4339.216666666666,4398
169094,1430.1833333333334,1516
169095,1121.8666666666666,1103
169097,1738.9333333333334,1893
169098,832.5,854
169099,2266.616666666667,2588
169100,2918.25,3091
169101,1350.8333333333333,1336
169102,1300.4833333333333,1355
169103,154.03333333333333,181
169104,2304.5,2412
169105,944.8166666666667,1040
169106,1380.6833333333334,1466
169107,80.23333333333333,115
169108,1366.7833333333333,1506
169109,772.4666666666667,893
169110,2189.6,2251
169111,1456.5,1591
169112,977.8833333333333,1063
169113,1766.95,1795
169114,7071.033333333333,7525
169115,740.0833333333334,841
169117,1042.0166666666667,1229
169118,997.9833333333333,1106
169119,1180.9,1324
169120,478.18333333333334,501
169121,2128.3166666666666,2310
169122,1462.8666666666666,1657
169123,1930.6666666666667,2125
169124,1792.1,1892
169125,990.6666666666666,1056
169126,2414.116666666667,2622
169127,466.3,489
169128,1855.3666666666666,1972
169129,1619.4333333333334,1744
169130,801.3166666666666,827
169131,1494.3166666666666,1507
169132,1252.6,1309
169133,2363.0833333333335,2511
169134,459.35,502
169135,290.5833333333333,357
169136,806.35,851
169139,1186.45,1395
169140,464.1333333333333,1826
169141,2691.3166666666666,3136
169142,1454.3166666666666,1911
169143,1018.7333333333333,1879
169144,514.1666666666666,1091
169145,160.35,180
169146,1182.35,1608
169147,3141.6833333333334,3833
169148,950.9666666666667,1582
169149,309.46666666666664,934
169150,4436.166666666667,4435
169151,1307.1666666666667,1447
169152,539.7333333333333,902
169153,1213.7333333333333,1224
169154,106.03333333333333,121
169155,1394.05,1705
169156,309.5833333333333,404
169157,683.1,764
169158,3939.5166666666664,4289
169159,76.75,644
169160,432.3333333333333,453
169161,2668.9666666666667,2959
169162,852.0666666666666,1120
169163,1731.2333333333333,1728
169164,912.0833333333334,968
169165,612.2,667
169166,615.95,683
169167,2137.633333333333,1957
169168,707.6833333333333,630
169169,1658.45,1790
169170,2380.3333333333335,2534
169171,2378.4,2548
169172,198.68333333333334,246
169173,1248.3,1353
169174,1128.5833333333333,1148
169177,977.5166666666667,1171
169178,280.0833333333333,350
169179,652.9166666666666,687
169181,1556.5833333333333,1032
169182,2382.2833333333333,2735
169183,533.0833333333334,752
169184,327.1,890
169185,457.6333333333333,503
169186,1645.1,1888
169187,1678.8666666666666,1757
169188,4184.583333333333,4861
169189,1007.1333333333333,1074
169190,1271.15,1392
169191,1015.1833333333333,1118
169192,331.8333333333333,436
169193,6129.85,6946
169194,5645.366666666667,6044
169195,2857.3,2982
169197,689.5666666666666,981
169198,2440.3166666666666,2645
169199,1030.6333333333332,1730
169200,245.73333333333332,670
169201,1416.6333333333332,2136
169202,1432.0333333333333,1990
169203,534.6,1717
169204,1489.25,1630
169205,914.1666666666666,1393
169206,884.7833333333333,971
169207,616.8833333333333,628
169208,421.56666666666666,548
169209,792.1333333333333,892
169210,2635.733333333333,2764
169211,949.6999999999999,995
169212,953.4666666666667,1031
169213,1525.6833333333334,1658
169214,1559.05,1733
169215,1530.1333333333332,1643
169216,68.95,149
169223,1.6833333333333333,6
169224,259.06666666666666,260
169225,354.31666666666666,375
169226,0.6166666666666667,4
169231,0.03333333333333333,2
169239,343.3333333333333,361
169240,0.0,1
169247,41.733333333333334,82
169248,0.4666666666666667,4
169249,5333.7,4813
169250,1.7666666666666666,4
169253,47.38333333333333,28
169254,1474.75,1879
169255,2828.2833333333333,3532
169256,2293.8166666666666,2910
169257,0.0,2
169258,301.0833333333333,278
169262,62.88333333333333,89
169264,226.83333333333334,276
169265,27.6,37
169267,655.8333333333334,811
169269,1.3833333333333333,9
169270,338.9,335
169273,30.166666666666668,36
169274,27.783333333333335,31
169275,47.266666666666666,56
169277,24.03333333333333,25
169280,15.533333333333333,19
169282,30.35,33
169283,45.85,49
169284,1.0,8
169285,47.18333333333333,52
169286,48.0,49
169287,30.966666666666665,32
169288,46.88333333333333,50
169289,43.35,56
169290,47.699999999999996,49
169291,36.35,41
169292,31.3,34
169293,4.1000000000000005,7
169294,52.6,59
169295,6.05,9
169296,0.11666666666666667,2
169297,47.233333333333334,53
169298,16.2,19
169299,45.55,52
169300,31.183333333333334,34
169301,29.65,36
169302,45.88333333333333,48
169303,45.61666666666667,50
169304,31.25,38
169305,28.53333333333333,33
169306,50.983333333333334,52
169307,47.56666666666667,61
169308,14.899999999999999,16
169310,25.6,30
169312,32.0,34
169313,0.2,2
169315,389.06666666666666,315
169317,221.75,233
169318,148.25,167
169326,65.46666666666667,95
169327,0.38333333333333336,3
169328,25.6,33
169329,47.016666666666666,51
169330,38.31666666666666,47
169331,32.016666666666666,36
169332,113.46666666666667,123
169333,29.383333333333333,36
169334,61.666666666666664,81
169335,42.85,46
169336,19.0,20
169337,63.25,71
169338,24.28333333333333,31
169339,111.53333333333333,115
169340,27.0,30
169346,0.41666666666666663,4
169347,219.03333333333333,260
169348,726.6666666666666,486
169351,111.65,116
169352,54.483333333333334,18
169374,0.0,1
169395,13.183333333333334,39
169398,0.9833333333333334,3
169411,30.116666666666667,55
169413,265.51666666666665,270
169414,99.75,126
169415,42.916666666666664,81
169416,257.5833333333333,291
169417,296.3833333333333,332
169418,228.58333333333331,243
169421,316.8833333333333,517
169422,0.23333333333333334,3
169423,70.06666666666666,46
169426,248.68333333333334,282
169428,438.76666666666665,603
169429,1929.05,1809
169430,0.4333333333333333,6
169435,6.466666666666667,16
169436,238.6,192
169437,385.8333333333333,411
169438,1942.45,2154
169439,246.21666666666667,182
169441,0.9333333333333333,25
169443,3.9,24
169444,814.3166666666667,356
169445,1070.9166666666667,889
169446,40.516666666666666,53
169447,278.01666666666665,186
169448,70.68333333333334,101
169450,99.73333333333333,145
169451,81.36666666666666,116
169452,44.43333333333333,65
169453,45.583333333333336,24
169454,1048.7166666666667,1130
169455,458.3666666666667,607
169456,274.46666666666664,303
169457,266.5,260
169458,363.1333333333333,383
169459,34.53333333333333,50
169460,687.5333333333333,951
169461,2.333333333333333,14
169462,1.15,17
169463,6925.450000000001,6676
169464,4125.916666666667,4853
169465,206.9,235
169467,0.18333333333333332,2
169468,401.16666666666663,1262
169470,1877.7,3302
169471,6499.733333333334,9031
169472,3663.8166666666666,4091
169473,7975.783333333333,8505
169474,6035.433333333333,5865
169475,3953.05,4335
169476,59.33333333333333,682
169477,7591.35,6832
169478,10955.716666666667,14139
169479,4816.75,4736
169480,5177.383333333333,7447
169481,7175.6,7496
169482,5689.65,6171
169483,4585.933333333333,4966
169484,6817.483333333334,7164
169485,4367.05,4924
169486,8069.433333333333,9750
169487,3060.2166666666667,3172
169488,16630.38333333333,18360
169489,4824.866666666667,5192
169490,5738.166666666667,6308
169491,3814.15,4265
169492,4024.633333333333,4113
169493,2753.25,3155
169494,4763.0,5027
169495,7348.533333333333,7826
169496,3846.116666666667,4247
169497,6095.133333333333,6662
169498,3222.6666666666665,3529
169499,10934.55,12033
169500,3849.4,4582
169501,5694.316666666667,5713
169502,5181.616666666667,5577
169503,4127.35,4595
169504,5151.15,5694
169505,5144.183333333333,4100
169506,4116.316666666667,4577
169507,4800.733333333334,7316
169508,3907.3,3754
169509,2330.6,3078
169510,4578.716666666666,4917
169511,7704.333333333333,8568
169512,3203.8333333333335,3690
169513,5066.75,5300
169514,5105.983333333334,5092
169515,7197.816666666667,8657
169516,9779.066666666666,12493
169517,1891.6333333333334,2552
169518,4387.333333333333,4728
169519,5959.066666666667,7392
169520,2770.6833333333334,3762
169521,3721.4666666666667,3964
169522,4333.25,5949
169523,4974.983333333334,5437
169524,15617.033333333333,15075
169525,5228.4,4646
169528,18.433333333333334,52
169531,315.0833333333333,368
169532,1.0,2
169533,143.76666666666665,147
169535,1423.3333333333333,2123
169536,4787.883333333333,4637
169537,2.9166666666666665,10
169538,33.05,42
169542,123.11666666666667,183
169548,0.7333333333333333,3
169550,2794.383333333333,2904
169552,1201.2333333333333,1289
169558,0.0,1
169564,28.233333333333334,42
169565,295.1333333333333,332
169566,51.85,69
169567,32.88333333333333,35
169568,103.91666666666667,101
169569,140.85,32
169570,18.133333333333333,50
169571,18.083333333333332,21
169572,41.083333333333336,46
169575,31.833333333333332,34
169576,59.13333333333333,63
169577,187.51666666666665,139
169578,12.966666666666667,15
169580,5.016666666666667,7
169581,49.083333333333336,54
169582,11.933333333333334,14
169583,58.61666666666667,62
169584,11.55,11
169585,35.0,34
169587,30.883333333333333,35
169588,65.9,63
169589,143.95,96
169590,34.75,38
169591,46.916666666666664,56
169592,50.3,52
169593,7.066666666666666,9
169596,1884.45,2039
169598,0.36666666666666664,4
169604,805.5666666666666,812
169605,627.3,619
169606,1074.65,982
169607,3020.6666666666665,3144
169608,576.45,663
169609,1252.0166666666667,1320
169610,2726.1833333333334,2911
169611,1632.55,1534
169612,1615.4166666666667,1836
169613,2749.7,2776
169614,83.61666666666666,101
169616,0.55,3
169617,17.866666666666667,37
169619,120.21666666666667,146
169620,41.45,139
169621,0.0,1
169623,61.53333333333333,372
169624,300.9,393
169625,40.11666666666667,74
169627,18.53333333333333,47
169628,74.53333333333333,97
169629,38.55,57
169630,1.7833333333333332,8
169631,93.8,116
169633,93.7,115
169634,111.0,156
169635,35.63333333333333,41
169636,1.55,8
169637,58.4,98
169640,0.0,3
169641,120.41666666666666,161
169642,658.1166666666667,757
169643,9.05,42
169646,208.0,235
169656,1256.0666666666666,1408
169658,43.06666666666667,75
169659,659.8833333333333,1009
169664,1.0166666666666666,5
169665,59.2,117
169670,1765.0166666666667,2381
169673,1285.7333333333333,1772
169679,702.4166666666666,806
169680,1299.0833333333333,2053
169683,0.31666666666666665,2
169688,0.35,6
169691,1.2833333333333332,10
169692,65.36666666666667,86
169693,0.5333333333333333,5
169697,1403.7666666666667,1503
169698,12.8,19
169699,0.0,1
169705,961.4666666666667,1352
169707,111.86666666666666,151
169709,428.6166666666667,454
169714,1.7833333333333334,17
169715,593.0666666666666,688
169716,3.0166666666666666,60
169719,0.41666666666666663,4
169722,0.25,6
169726,1693.9166666666667,1483
169729,3924.5666666666666,3525
169731,17.4,36
169735,12.683333333333334,17
169737,0.5833333333333334,6
169739,3302.0666666666666,3957
169740,1860.9166666666667,2248
169741,2092.3333333333335,2570
169742,5069.4,5424
169743,3907.233333333333,4742
169744,2717.233333333333,3335
169745,7460.183333333333,7934
169746,3601.8166666666666,3963
169747,554.6,2020
169748,5175.2,5879
169749,4646.216666666666,5307
169750,4286.85,4648
169751,4011.2833333333333,4462
169752,650.6666666666666,1087
169753,1526.4,3696
169754,4102.333333333333,3949
169755,5012.1,4497
169756,1366.2166666666667,1756
169757,5678.366666666667,5737
169758,3214.483333333333,3418
169759,4009.8333333333335,4110
169760,2818.7833333333333,2920
169761,4406.35,4627
169762,2016.2166666666667,2586
169763,1996.6166666666666,2183
169764,266.8833333333333,347
169765,1571.2,1977
169766,3840.7,3943
169767,842.6333333333333,1330
169768,4261.866666666667,4204
169769,1266.7166666666667,1937
169770,1011.5166666666667,1408
169771,4064.5333333333333,4286
169772,701.0833333333334,1228
169773,1267.1166666666666,1955
169774,4072.9166666666665,4569
169775,1201.4333333333334,2460
169776,4305.166666666667,4857
169777,9015.6,9216
169778,3274.65,3497
169779,655.2,1098
169780,2016.8333333333333,2578
169781,4653.616666666667,6673
169782,2899.9166666666665,3189
169783,3365.7,5485
169784,375.96666666666664,1048
169785,779.0333333333333,1615
169786,5426.6,6195
169787,7503.45,7786
169788,4926.7,5465
169789,238.06666666666666,376
169790,1230.95,1803
169791,234.56666666666666,258
169792,3392.0166666666664,4235
169793,35.28333333333333,49
169794,3454.15,3750
169795,571.2,1245
169796,2691.1,2893
169797,9832.8,8480
169798,1576.85,2202
169799,5646.55,5030
169800,1262.2333333333333,1963
169801,1330.3666666666666,2169
169802,2604.0666666666666,3095
169803,5506.383333333333,7617
169804,2001.9,2214
169805,203.9,1381
169806,2926.2,4201
169807,5592.233333333334,6073
169808,4619.1,4632
169809,2112.9333333333334,2612
169810,1951.5,1695
169811,1123.6166666666666,2167
169812,509.6166666666667,526
169813,394.5,937
169814,1199.75,1899
169815,9.666666666666666,74
169816,1157.1833333333334,1505
169817,7620.9,6159
169818,8863.783333333333,4929
169819,2328.1,2905
169820,336.5833333333333,1220
169821,97.31666666666666,1145
169822,451.68333333333334,630
169823,245.53333333333333,1544
169824,516.0833333333333,1241
169825,602.2666666666667,1023
169827,2201.2,2064
169828,1586.8333333333333,1326
169829,176.93333333333334,197
169830,48.25,66
169832,1.6333333333333333,10
169833,30.233333333333334,38
169835,314.6666666666667,324
169838,90.65,95
169847,19.933333333333334,22
169854,120.35,135
169855,834.6666666666666,1003
169856,375.81666666666666,368
169857,615.85,689
169859,333.6,151
169863,7.433333333333334,59
169865,0.26666666666666666,3
169867,6542.616666666667,6955
169868,5150.933333333333,5999
169869,3704.616666666667,4040
169870,5449.583333333333,5894
169871,4711.366666666667,5166
169872,4570.433333333333,4606
169873,7480.133333333333,10596
169874,9056.483333333334,11748
169875,3939.35,3990
169876,3579.6833333333334,4047
169877,4602.733333333334,5044
169878,6256.733333333334,5966
169879,5524.75,9558
169880,5792.85,6017
169881,4704.766666666666,5630
169882,116.98333333333333,120
169895,7.916666666666666,24
169896,234.08333333333334,287
169897,4917.566666666667,7923
169904,209.38333333333333,235
169905,226.03333333333333,250
169907,210.5,1711
169908,5938.283333333334,5907
169910,1.2666666666666666,21
169911,38.4,43
169912,0.26666666666666666,2
169913,191.86666666666667,225
169915,12.9,29
169917,123.3,146
169924,3.5666666666666664,10
169925,38.3,48
169928,1475.7833333333333,2244
169929,1357.7666666666667,1554
169930,172.83333333333334,152
169931,1474.8166666666666,1758
169932,144.48333333333332,157
169933,11108.816666666668,10772
169934,668.8333333333334,634
169935,736.95,810
169936,6874.8,6905
169937,6446.933333333333,7625
169938,6002.366666666667,6524
169939,468.73333333333335,563
169940,8488.8,9333
169941,5548.2,4971
169942,5308.95,5185
169943,5277.966666666666,6537
169944,4473.683333333333,5199
169945,320.0833333333333,363
169946,28.53333333333333,34
169947,137.5,147
169948,5153.133333333333,6756
169949,492.85,608
169950,547.4833333333333,550
169951,3993.7166666666667,5507
169952,8372.583333333334,8847
169953,0.7833333333333333,5
169954,1402.8,1918
169957,3473.883333333333,3836
169958,4327.933333333333,4635
169959,2797.116666666667,2945
169960,1640.05,1911
169961,3202.6,3730
169962,362.68333333333334,436
169964,925.3833333333333,850
169965,4442.4,4848
169968,14.316666666666666,28
169971,41.416666666666664,38
169977,1699.8833333333334,1717
169979,0.8166666666666667,2
169980,4.15,7
169982,670.2333333333333,739
169983,0.8166666666666667,3
169984,70.73333333333333,87
169985,215.63333333333333,234
169986,74.86666666666666,83
169989,86.3,142
169993,6.966666666666667,36
169997,91.16666666666667,104
169998,692.2833333333333,985
169999,2416.0166666666664,2230
170000,6.666666666666666,19
170001,995.35,1079
170002,526.4,587
170003,566.1833333333333,568
170004,914.25,871
170005,133.86666666666667,169
170006,2.083333333333333,8
170009,299.8333333333333,276
170010,403.81666666666666,545
170011,178.8,229
170012,2193.766666666667,2022
170013,139.56666666666666,21
170014,720.4666666666667,682
170015,277.46666666666664,357
170016,240.56666666666666,287
170020,23.633333333333333,31
170036,609.4666666666667,804
170037,84.18333333333334,87
170038,1695.8166666666666,2117
170039,1980.6166666666666,2516
170040,1731.5166666666667,2503
170041,1831.9166666666667,2398
170042,929.3833333333333,1392
170043,2748.366666666667,3267
170044,2093.4333333333334,2949
170045,1939.7166666666667,2612
170046,1533.65,2308
170047,1831.45,2791
170050,135.48333333333332,127
170055,5.983333333333333,14
170099,0.55,12
170102,7464.733333333334,8885
170103,3363.75,3606
170104,570.8166666666667,729
170105,6383.733333333334,6728
170106,484.8333333333333,660
170107,2232.8333333333335,2329
170109,791.7333333333333,1089
170110,1651.4166666666667,1836
170111,788.4166666666666,920
170113,1848.3166666666666,2511
170114,1660.9333333333334,1959
170115,2382.766666666667,3030
170116,1940.2833333333333,2554
170117,960.5,959
170118,754.4333333333333,388
170119,2022.1833333333334,2174
170120,1001.1833333333333,1231
170121,97.88333333333334,221
170123,1872.3166666666666,2399
170124,1302.5333333333333,1690
170125,144.63333333333333,203
170126,1411.8833333333332,1528
170127,485.45,565
170128,350.5833333333333,495
170129,921.1,1713
170130,3709.15,4729
170131,8316.866666666667,8593
170132,1155.5,753
170133,1193.2333333333333,1218
170134,3122.266666666667,3009
170135,2470.8166666666666,2623
170137,30.65,37
170138,285.8666666666667,561
170139,29.766666666666666,315
170140,2.75,15
170141,770.1666666666666,803
170142,1407.9833333333333,1337
170143,755.5833333333334,652
170144,333.7,455
170147,445.84999999999997,544
170149,137.35,120
170150,1990.8666666666666,1738
170153,202.58333333333331,234
170154,1521.95,1896
170160,4.566666666666666,7
170167,6.316666666666666,9
170172,49.1,52
170181,10.916666666666666,13
170187,5.983333333333333,8
170190,7.383333333333333,10
170199,7.166666666666667,10
170903,127.03333333333333,205
170906,76.65,92
170907,385.0,604
170910,110.9,84
170913,3588.85,4610
170914,6537.85,7244
170915,7047.816666666667,7970
170916,5526.983333333334,6010
170917,1919.4333333333334,2277
170919,1721.45,1955
170920,3218.733333333333,3842
170921,2669.0,2974
170922,3466.0333333333333,3664
170926,1177.85,381
170930,4362.65,2582
170931,2595.483333333333,3035
170932,167.01666666666665,276
170933,1443.3833333333334,1571
170934,3629.366666666667,3795
170935,840.8833333333333,458
170936,4514.183333333333,5252
170937,559.6,785
170938,3220.35,3351
170940,5491.15,4582
170942,7138.366666666667,7733
170943,2563.983333333333,2837
170945,3841.2,3964
170946,428.2,466
170947,3436.733333333333,3607
170948,2662.4166666666665,3039
170950,713.7666666666667,677
170951,363.73333333333335,508
170952,815.6333333333333,959
170953,904.7,1105
170956,180.63333333333333,232
170959,4317.466666666666,4522
170960,5231.083333333333,5906
170961,1311.75,1544
170962,4148.366666666667,2381
170963,296.78333333333336,261
170964,77.4,75
170966,7161.016666666666,8106
170967,31.716666666666665,42
170969,131.56666666666666,145
170973,1942.9,2635
170976,1975.3333333333333,1397
170977,126.73333333333333,125
170981,1.3,18
170983,408.53333333333336,729
170988,3809.7666666666664,4337
170989,385.0,264
170991,537.25,590
170995,1785.7666666666667,4028
171011,88.56666666666666,113
171036,2369.8333333333335,2725
171037,3164.35,3256
171038,870.8,1298
171042,158.56666666666666,210
171043,2779.7666666666664,3445
171047,45.95,92
171048,1.3166666666666667,9
171049,4160.066666666667,2268
171050,5887.4,6394
171051,4501.15,4881
171052,2972.4666666666667,3371
171054,1389.8666666666666,1530
171055,2988.5666666666666,3356
171056,2604.883333333333,1945
171057,4881.383333333333,6343
171058,0.31666666666666665,6
171059,187.35,303
171063,3.833333333333333,16
171064,0.31666666666666665,2
171065,500.21666666666664,379
171066,36.53333333333333,45
171069,1911.2666666666667,2069
171070,1593.15,1467
171071,259.4166666666667,220
171072,617.05,748
171073,0.7166666666666667,4
171074,68.38333333333334,118
171075,181.76666666666665,169
171078,732.6999999999999,643
171084,0.1,10
171087,1.9,6
171188,295.23333333333335,287
171227,11.216666666666667,15
171266,67.33333333333333,94
171334,0.16666666666666666,3
171419,3.0833333333333335,11
171490,382.71666666666664,391
171688,910.7666666666667,642
171690,498.15,868
171693,424.05,588
171698,1854.6333333333332,2013
171699,3845.3333333333335,3759
171700,3088.133333333333,3862
171702,5.966666666666667,16
171705,244.16666666666666,259
171708,25.4,55
171709,2883.616666666667,3138
171710,4917.416666666667,4413
171713,1.5,4
171714,1.45,4
171715,5743.083333333333,6482
171716,9.1,22
171721,117.61666666666666,122
171724,62.266666666666666,134
171726,0.31666666666666665,5
171727,0.45,2
171728,550.35,191
171729,352.85,410
171730,36.2,32
171731,46.583333333333336,56
171733,50.7,63
171734,606.3666666666667,698
171735,1.2,16
171736,1.1833333333333333,15
171738,72.83333333333333,92
171740,169.66666666666666,223
171741,1.0166666666666666,3
171742,3.3333333333333335,10
171744,0.0,2
171746,0.05,4
171755,166.73333333333332,221
171759,259.05,267
171760,133.48333333333332,138
171761,166.31666666666666,137
171762,175.4,206
171763,70.0,90
171764,231.66666666666666,147
171765,139.73333333333332,146
171766,258.6333333333333,265
171767,0.23333333333333334,4
171768,153.91666666666666,167
171769,135.05,143
171770,86.2,93
171771,65.68333333333334,86
171772,34.333333333333336,39
171773,117.3,124
171774,31.366666666666667,37
171775,194.75,197
171776,89.83333333333333,70
171777,181.38333333333333,152
171778,196.1,219
171779,78.25,80
171780,69.15,105
171781,195.45,202
171782,107.81666666666666,115
171783,91.56666666666666,102
171784,108.3,112
171786,55.28333333333333,74
171787,63.11666666666667,85
171788,51.93333333333333,56
171789,69.23333333333333,90
171790,125.41666666666666,134
171791,176.54999999999998,191
171792,642.6,639
171793,36.53333333333333,39
171794,294.98333333333335,301
171795,48.86666666666667,59
171796,89.15,97
171798,0.21666666666666667,2
171799,68.23333333333333,75
171800,65.3,69
171801,25.866666666666667,24
171802,6.933333333333334,9
171803,16.133333333333333,19
171804,23.733333333333334,34
171805,130.3,154
171806,102.7,129
171807,277.95,319
171808,118.55,99
171809,20.116666666666667,23
171810,12.266666666666666,16
171812,5.266666666666667,8
171813,33.88333333333333,36
171814,244.28333333333333,247
171815,219.83333333333334,223
171816,249.83333333333334,201
171817,3.25,10
171818,73.56666666666666,78
171819,6.766666666666667,11
171820,98.75,117
171821,220.65,204
171822,118.45,131
171823,25.133333333333333,42
171824,111.53333333333333,120
171825,3.0166666666666666,4
171826,66.91666666666667,93
171827,214.81666666666666,217
171828,178.18333333333334,190
171829,73.86666666666666,91
171830,59.36666666666667,78
171831,0.3333333333333333,4
171832,10.016666666666666,12
171833,261.6333333333333,214
171834,87.13333333333333,90
171835,57.78333333333333,65
171837,72.75,100
171838,158.58333333333334,152
171839,223.25,135
171840,0.75,2
171843,2651.45,3131
171844,51.13333333333333,157
171845,0.016666666666666666,2
171848,290.31666666666666,404
171849,7335.633333333333,8997
171850,4604.0,5668
171852,476.06666666666666,674
171854,1226.8666666666668,1390
171856,358.8333333333333,470
171857,36.03333333333333,320
171858,622.6166666666667,640
171859,60.333333333333336,68
171860,271.1,380
171862,2134.6666666666665,2066
171863,113.6,38
171864,522.6333333333333,545
171865,448.23333333333335,475
171869,5716.9,5725
171870,2740.6833333333334,3056
171872,2442.5333333333333,2562
171876,14.783333333333333,19
171877,159.36666666666667,172
171878,76.6,144
171879,157.75,221
171885,265.2,260
171887,58.61666666666667,64
171888,398.5333333333333,303
171897,3655.5333333333333,3698
171898,2632.7833333333333,2836
171899,2278.6,2557
171900,3602.4,4284
171901,2147.883333333333,2310
171902,5323.95,4759
171903,2984.85,2987
171904,5145.783333333334,7169
171905,3152.05,3946
171906,2389.366666666667,1668
171908,2673.9666666666667,3376
171909,2209.133333333333,2200
171910,1255.3166666666666,1425
171911,1644.4166666666667,2153
171912,1666.3166666666666,2176
171914,1503.2833333333333,1670
171915,3656.3333333333335,3831
171916,2242.6666666666665,2242
171917,2151.9166666666665,2685
171918,1784.2666666666667,2363
171919,2011.95,2561
171920,497.5833333333333,774
171921,1148.0833333333333,1562
171922,3479.3,3895
171923,2951.4666666666667,2919
171924,1121.2166666666667,1514
171925,1761.9166666666667,2179
171926,1878.2,2274
171927,1475.8833333333334,2189
171928,2721.4666666666667,3293
171929,3800.2,4544
171930,2517.383333333333,2878
171931,2424.8166666666666,2724
171932,1808.4,2287
171933,2468.516666666667,2528
171934,1793.9833333333333,2459
171935,2884.8,3035
171936,2711.883333333333,2920
171937,3170.0333333333333,3350
171938,4899.116666666667,5606
171939,2426.85,3607
171940,1560.1166666666666,2251
171941,1556.95,2321
171942,3369.4333333333334,3161
171943,2156.85,2393
171944,2477.5,3079
171945,3783.9666666666667,4262
171946,1958.5,2578
171947,15.25,15
171949,17.266666666666666,39
171951,0.8833333333333333,8
171952,56.583333333333336,90
171961,5.566666666666666,9
171963,3.4,17
171964,125.31666666666666,88
171966,1479.1333333333332,1747
171968,3062.7666666666664,3148
171969,2753.6833333333334,2645
171970,1362.9166666666667,1802
171971,921.9,773
171972,2540.116666666667,2809
171973,143.7,71
171975,7.483333333333333,21
171976,446.5,631
171978,790.3,1157
171979,8.15,19
171980,0.0,3
171981,1.5666666666666667,11
171985,493.7,537
171986,637.1666666666666,666
171987,2711.2833333333333,3532
171988,6.733333333333333,81
171992,829.0833333333334,938
171994,0.41666666666666663,4
171995,2.716666666666667,5
171996,3614.0166666666664,3007
171997,3606.883333333333,3588
171998,3965.4166666666665,4840
171999,3869.7666666666664,5003
172006,714.2666666666667,692
172011,28.966666666666665,42
172016,1.5333333333333332,6
172017,1566.3833333333334,1871
172018,1.0333333333333332,5
172022,2927.05,2763
172024,236.7,587
172025,449.0,537
172026,277.46666666666664,349
172030,0.8166666666666667,4
172033,212.9,231
172034,109.51666666666667,99
172036,126.7,158
172037,654.1166666666667,703
172038,39.31666666666666,53
172039,333.45,460
172040,0.9166666666666666,4
172041,2564.75,2826
172042,193.15,164
172043,369.18333333333334,507
172044,20.78333333333333,22
172046,158.63333333333333,152
172052,96.66666666666666,25
172053,190.21666666666667,223
172056,69.86666666666667,75
172058,359.78333333333336,635
172059,2264.65,2812
172064,715.1666666666666,1079
172069,0.48333333333333334,2
172070,5070.9,8815
172071,232.45,251
172072,112.03333333333333,152
172077,1.1166666666666667,2
172082,0.03333333333333333,2
172083,3222.0,3761
172091,8.116666666666667,9
172095,468.7,573
172098,47.03333333333333,67
172100,207.75,102
172102,152.03333333333333,100
172105,113.48333333333333,34
172111,161.53333333333333,60
172112,20.883333333333333,34
172122,13.3,25
172124,0.48333333333333334,11
172127,3302.4166666666665,5625
172128,39.88333333333333,64
172129,143.66666666666666,193
172133,0.26666666666666666,2
172135,741.6333333333333,776
172137,422.81666666666666,371
172138,2.2,7
172139,2.8166666666666664,8
172142,0.21666666666666667,2
172143,132.91666666666666,156
172144,97.31666666666666,131
172145,0.4,23
172149,1203.5333333333333,1214
172156,0.8666666666666667,4
172157,217.48333333333332,231
172159,19.85,22
172160,239.93333333333334,231
172163,1125.4666666666667,1441
172167,298.95,347
172169,271.51666666666665,252
172171,0.23333333333333334,10
172172,138.88333333333333,188
172174,31.55,40
172176,0.15,2
172177,113.0,143
172180,0.21666666666666667,2
172183,4.416666666666666,7
172186,117.41666666666667,251
172190,0.0,2
172193,808.2166666666667,878
172196,4.616666666666667,7
172198,110.8,149
172201,1198.5666666666666,1244
172203,0.016666666666666666,3
172206,0.05,2
172207,3863.3166666666666,5079
172208,281.35,382
172209,5936.45,6403
172210,801.8833333333333,959
172211,6468.2,7072
172212,336.45,360
172213,173.45,229
172215,0.03333333333333333,2
172216,11.950000000000001,23
172217,166.11666666666667,231
172221,8600.166666666666,8954
172222,1777.6,2207
172223,210.71666666666667,213
172224,7.6,17
172225,13.55,77
172227,71.65,44
172229,0.03333333333333333,2
172230,314.1,392
172231,1177.2666666666667,1591
172233,2464.116666666667,2807
172234,2201.9,1581
172235,2898.733333333333,3140
172239,269.35,1091
172241,2.1,5
172242,0.9833333333333334,5
172244,2659.866666666667,2645
172252,0.16666666666666669,4
172253,1113.2,1250
172254,513.3333333333334,479
172255,1277.7166666666667,1409
172256,1939.1333333333334,2181
172257,2449.05,3071
172258,59.35,63
172259,4516.3,4552
172260,1051.8333333333333,1135
172263,1903.4333333333334,2272
172264,2593.983333333333,2902
172266,1077.7666666666667,1112
172268,50.766666666666666,66
172270,0.0,1
172271,31.2,36
172273,172.0,171
172280,0.16666666666666669,4
172281,459.45,498
172283,16.866666666666667,22
172297,107.35,169
172301,245.11666666666667,345
172308,1848.8,1750
172309,55.1,58
172313,114.41666666666667,111
172314,115.36666666666666,130
172315,4486.033333333334,6146
172316,3.866666666666667,11
172319,108.75,145
172320,1.2666666666666666,5
172324,393.96666666666664,448
172330,14.683333333333334,17
172332,511.6666666666667,449
172333,200.78333333333333,213
172335,396.5833333333333,638
172336,3996.1833333333334,3775
172337,1234.1166666666666,1435
172338,642.6666666666666,514
172339,1.95,4
172340,1595.85,2239
172341,941.7666666666667,1047
172342,512.4,640
172343,583.55,927
172344,173.11666666666667,226
172345,520.8833333333333,389
172346,0.5833333333333333,8
172348,163.88333333333333,172
172351,141.5,145
172352,50.63333333333333,72
172353,191.81666666666666,325
172354,116.11666666666666,132
172355,87.36666666666666,77
172356,1075.0,1028
172357,90.36666666666666,113
172358,252.7,179
172359,26.266666666666666,46
172360,7.016666666666666,29
172361,3.716666666666667,6
172362,152.36666666666667,358
172363,314.21666666666664,338
172365,82.96666666666667,116
172366,681.1166666666667,568
172367,57.96666666666667,62
172368,45.03333333333333,79
172369,10.35,63
172370,879.5833333333334,1001
172372,209.68333333333334,268
172373,178.78333333333333,215
172376,820.0333333333333,919
172377,780.05,1103
172378,126.06666666666666,222
172379,854.5333333333333,1052
172380,360.28333333333336,433
172381,19.216666666666665,98
172382,19.266666666666666,73
172383,1040.6,1968
172384,346.7833333333333,545
172385,614.3166666666667,853
172386,576.4333333333333,800
172387,117.2,133
172388,875.2666666666667,848
172389,528.05,561
172390,47.3,120
172391,93.8,158
172392,767.3,934
172393,117.98333333333333,179
172394,44.916666666666664,197
172395,221.38333333333333,270
172396,238.63333333333333,289
172397,1.55,64
172398,11.25,43
172399,111.13333333333333,227
172400,1210.5333333333333,1257
172401,786.3333333333334,982
172402,0.30000000000000004,17
172403,189.98333333333332,312
172404,508.03333333333336,477
172405,13.666666666666666,134
172406,2100.7166666666667,2076
172407,0.0,22
172408,471.15,177
172410,310.03333333333336,318
172411,448.75,374
172412,14.083333333333334,83
172413,45.516666666666666,62
172415,98.95,122
172416,117.13333333333334,163
172417,89.88333333333333,99
172418,0.6333333333333333,7
172420,2629.3333333333335,2743
172421,1253.3166666666666,1410
172422,1269.3166666666666,1413
172423,0.36666666666666664,2
172424,21.683333333333334,54
172425,4033.4666666666667,4026
172426,0.8,6
172427,300.51666666666665,306
172428,1006.5833333333334,1080
172429,684.8333333333334,739
172430,4071.5833333333335,4133
172431,3166.5833333333335,3530
172432,6190.4,7711
172433,1409.75,1166
172434,0.5,6
172435,6627.866666666667,7414
172436,1006.25,1462
172437,6462.466666666666,5944
172438,1158.3333333333333,1306
172439,735.5833333333334,1421
172440,8486.05,9012
172441,5195.85,5664
172442,361.31666666666666,701
172445,1.95,7
172448,30.833333333333332,35
172449,0.0,1
172451,75.7,88
172452,1101.95,1256
172453,1009.0166666666667,1226
172454,106.25,141
172455,5.0,14
172456,0.8,8
172457,4586.633333333333,4601
172458,18.233333333333334,20
172459,0.8666666666666667,10
172460,0.8666666666666667,4
172461,956.7666666666667,1121
172462,0.9833333333333333,8
172464,4.716666666666667,17
172465,137.21666666666667,115
172468,0.8166666666666667,5
172469,138.96666666666667,188
172470,258.1,333
172471,1535.3333333333333,1821
172476,66.01666666666667,74
172477,0.31666666666666665,3
172478,82.68333333333334,87
172479,2120.05,3285
172482,213.18333333333334,199
172483,274.0833333333333,320
172484,1526.7,1540
172485,823.8666666666667,907
172487,523.3,538
172488,108.85,74
172491,8.133333333333333,23
172492,23.25,51
172493,220.48333333333332,281
172495,2248.616666666667,2734
172496,63.449999999999996,87
172497,0.1,5
172498,4363.533333333334,4868
172499,5157.266666666666,5642
172500,1408.6166666666666,1468
172501,8968.05,9317
172502,646.8166666666666,664
172503,104.2,132
172505,646.4666666666667,742
172508,6.116666666666666,10
172510,208.28333333333333,135
172511,98.55,124
172512,0.6333333333333333,8
172513,995.1166666666667,1146
172514,1927.9333333333334,2221
172515,1641.2166666666667,1917
172516,5076.9,5848
172517,8257.516666666666,9623
172518,1789.5833333333333,2523
172519,1155.1833333333334,1397
172520,5536.683333333333,5733
172521,7238.233333333334,7186
172525,445.48333333333335,480
172527,78.4,82
172528,0.13333333333333333,2
172529,441.23333333333335,752
172530,3499.2666666666664,4376
172531,4492.4,5209
172532,6266.183333333333,8986
172534,757.6666666666666,1325
172539,2.3,10
172546,254.41666666666666,248
172548,0.85,8
172549,781.1833333333333,811
172563,0.36666666666666664,2
172565,398.95,468
172566,0.35,4
172568,196.03333333333333,198
172569,0.75,6
172571,346.9,368
172578,6037.833333333333,6818
172581,0.3333333333333333,2
172585,448.03333333333336,327
172588,27.28333333333333,10
172599,2782.0666666666666,3183
172603,5.466666666666667,37
172607,466.1,546
172610,298.3833333333333,350
172612,16.266666666666666,34
172615,19.883333333333333,28
172621,212.53333333333333,247
172627,359.7,404
172628,72.18333333333334,888
172629,226.0,546
172630,877.4666666666667,1473
172638,227.88333333333333,262
172642,3.4,134
172644,0.4,2
172645,583.15,839
172652,2268.9333333333334,3250
172654,0.3666666666666667,4
172663,0.05,3
172664,642.0833333333334,762
172669,2906.95,1602
172670,1.5833333333333335,109
172671,446.1,622
172673,1095.6666666666667,1194
172675,545.8666666666667,590
172676,116.93333333333334,107
172679,2583.8,2887
172680,15.200000000000001,304
172681,417.43333333333334,479
172682,17.333333333333332,25
172683,61.41666666666667,45
172684,1197.75,1336
172686,75.25,112
172688,0.16666666666666666,2
172689,470.6166666666667,755
172691,506.26666666666665,411
172699,0.26666666666666666,2
172702,136.15,161
172712,289.71666666666664,838
172715,468.98333333333335,560
172719,166.51666666666668,166
172721,2718.2,3355
172722,7029.7,8906
172723,0.5666666666666667,3
172730,65.6,74
172733,1.4666666666666666,6
172734,0.38333333333333336,2
172735,1714.2333333333333,1866
172737,492.8,588
172743,377.3,269
172744,399.0833333333333,358
172745,128.0,148
172746,19.4,45
172747,61.85,279
172748,2109.2833333333333,2686
172749,63.333333333333336,116
172750,2447.383333333333,2835
172751,5781.533333333333,8429
172753,402.15,439
172754,205.55,264
172755,280.76666666666665,315
172756,1163.75,1192
172757,1236.6166666666666,1256
172758,70.36666666666666,179
172764,4379.133333333333,5004
172765,336.5,381
172766,87.98333333333333,85
172767,751.7666666666667,796
172768,808.7666666666667,814
172769,1984.95,2135
172773,2655.616666666667,3250
172774,2744.1666666666665,3011
172775,5397.3,6207
172776,542.0333333333333,936
172777,6400.633333333333,7698
172778,3613.766666666667,3597
172779,3516.3,2941
172780,7841.466666666666,8168
172781,3242.616666666667,3682
172782,11017.733333333334,12485
172783,7763.2,7801
172784,6634.666666666667,7000
172785,93.56666666666666,81
172794,0.18333333333333332,2
172798,113.71666666666667,96
172800,223.1,264
172802,42.0,46
172804,0.03333333333333333,2
172815,513.0833333333334,596
172816,1271.0166666666667,1495
172817,2130.6833333333334,2174
172818,9031.066666666668,5630
172819,5678.116666666667,6130
172820,9.866666666666667,22
172821,3641.633333333333,3808
172822,4915.216666666666,5133
172824,3190.95,3099
172825,2706.516666666667,2602
172826,1.0166666666666666,6
172829,564.3666666666667,1076
172830,1.5166666666666666,27
172839,0.6666666666666666,3
172844,4455.966666666666,5023
172848,1548.2166666666667,1836
172849,866.3333333333334,1270
172850,1808.6666666666667,1943
172852,3408.616666666667,3699
172853,3049.35,3795
172854,281.3833333333333,293
172855,8730.466666666667,5794
172856,2608.3,2892
172857,795.85,718
172859,233.81666666666666,356
172860,101.35,84
172861,2601.25,3140
172862,1938.7666666666667,2479
172863,8779.5,7813
172864,2301.4666666666667,1864
172865,93.36666666666666,544
172866,789.8,1623
172868,3597.15,4176
172869,2585.383333333333,2825
172870,8525.983333333334,9832
172877,148.53333333333333,192
172878,11.216666666666667,15
172880,355.9,812
172881,377.7,419
172882,11.966666666666667,16
172883,404.5833333333333,194
172885,4300.15,4914
172886,2925.55,3421
172887,9096.5,9760
172888,4256.1,6942
172889,4929.55,5129
172890,581.4833333333333,446
172891,1.4666666666666668,6
172892,123.5,124
172896,12.016666666666667,16
172897,36.18333333333333,56
172898,248.06666666666666,226
172899,40.31666666666667,56
172900,0.08333333333333333,2
172904,515.1166666666667,528
172905,64.55,74
172906,1391.3833333333332,1588
172907,84.66666666666666,13
172908,44.46666666666667,51
172910,18.583333333333332,21
172911,0.31666666666666665,2
172912,1381.9833333333333,1524
172913,8.0,11
172914,0.3333333333333333,2
172915,737.6833333333333,1005
172916,0.6166666666666667,4
172917,62.86666666666667,80
172918,1601.05,1750
172919,2581.0,2301
172920,501.06666666666666,692
172921,320.43333333333334,446
172922,1450.3833333333332,1568
172923,337.3833333333333,339
172924,1657.6833333333334,1657
172925,15.95,21
172926,252.20000000000002,220
172927,5266.066666666667,4396
172929,1697.7166666666667,2062
172933,6792.95,7109
172934,1470.4333333333334,1346
172935,2873.9666666666667,3046
172936,2529.7833333333333,355
172937,1660.5666666666666,1881
172938,3871.55,3275
172939,1677.9833333333333,1848
172940,724.15,851
172941,3039.016666666667,3345
172942,606.0333333333333,645
172944,2756.0166666666664,2917
172946,0.7,6
172951,229.9,168
172953,10.966666666666667,13
172955,523.5,553
172956,449.8333333333333,539
172957,6.8999999999999995,9
172959,23.466666666666665,29
172960,1630.7166666666667,1824
172962,242.61666666666667,425
172963,534.5666666666667,541
172964,306.3833333333333,500
172965,143.8,139
172968,3520.45,4113
172971,12.983333333333333,26
172973,0.7166666666666667,7
172974,1.4166666666666665,4
172975,5.116666666666666,8
172976,0.5166666666666667,4
172980,219.5,249
172981,74.86666666666666,116
172983,2375.383333333333,2388
172985,1745.85,1695
172986,85.5,108
172987,85.76666666666667,124
172989,947.0,1346
172991,161.63333333333333,191
172992,3462.2999999999997,2882
172993,46.96666666666667,51
172995,377.8833333333333,366
172998,517.1666666666666,493
173001,643.75,732
173002,0.4166666666666667,3
173003,0.3,2
173004,0.5333333333333333,7
173006,22.71666666666667,37
173008,1.2,7
173009,2.716666666666667,6
173012,2147.0333333333333,2014
173013,23.28333333333333,32
173015,0.0,5
173022,397.6666666666667,536
173024,135.9,171
173026,39.1,48
173028,1497.1166666666666,1647
173038,1371.0333333333333,1708
173039,2632.8,2984
173041,3653.0166666666664,5128
173043,143.51666666666668,110
173045,1103.4333333333334,648
173049,82.2,101
173050,1701.4666666666667,1897
173052,701.6166666666667,1075
173054,5828.883333333333,5951
173055,5486.7,7063
173056,3290.1833333333334,3193
173057,865.1666666666666,1294
173058,6355.016666666666,7418
173059,32.45,553
173061,1993.2166666666667,2585
173062,162.36666666666667,191
173063,2845.8,3112
173064,5301.066666666667,5826
173065,4742.2,4863
173066,5211.15,5888
173067,661.6333333333333,449
173068,4576.966666666666,5115
173070,1633.1,1701
173071,3829.35,4837
173072,3654.266666666667,4449
173073,5742.866666666667,6862
173074,502.7,653
173075,2056.4,2123
173077,838.0833333333334,936
173081,6.483333333333333,10
173082,283.51666666666665,305
173083,8.183333333333334,12
173085,8776.666666666666,9265
173086,3488.8166666666666,3230
173087,0.95,2
173088,343.2,421
173092,1000.0833333333334,1238
173093,2357.2833333333333,2787
173094,1308.95,1598
173096,1964.6,2954
173097,4246.866666666667,5539
173098,108.28333333333333,157
173099,2738.75,3325
173100,87.85,120
173101,4494.033333333334,5605
173105,1839.0833333333333,1870
173106,568.6333333333333,557
173107,8.9,11
173108,1.75,18
173110,270.98333333333335,278
173118,1901.6666666666667,2036
173512,159.8,154
173519,1.0166666666666666,2
173702,83.93333333333334,95
173990,23.03333333333333,33
174008,77.83333333333333,94
174009,269.95,309
174010,0.2,2
174011,3071.9166666666665,4059
174012,2623.616666666667,2502
174013,5739.4,6235
174014,1029.4333333333334,981
174015,7336.966666666667,3762
174016,5172.016666666666,5661
174017,2577.75,1840
174018,1334.35,1567
174021,0.65,2
174022,2.683333333333333,14
174023,354.9,381
174025,2319.983333333333,2035
174026,244.6,249
174027,1135.4333333333334,1118
174028,2035.3666666666666,1971
174029,157.06666666666666,109
174030,137.16666666666666,190
174032,2389.9166666666665,2777
174033,1771.6833333333334,2097
174034,525.3333333333334,590
174035,200.31666666666666,158
174038,883.5333333333333,850
174039,0.03333333333333333,2
174040,0.8166666666666667,6
174041,7980.566666666667,8237
174042,5345.766666666666,6030
174044,1.85,16
174046,93.31666666666666,109
174047,167.28333333333333,202
174048,389.6666666666667,443
174050,191.46666666666667,230
174051,234.8,285
174052,252.25,130
174055,1269.8833333333332,1305
174056,180.58333333333334,237
174057,1974.3833333333332,1573
174058,268.1,279
174059,17.283333333333335,22
174060,229.63333333333333,302
174061,315.1,440
174062,174.8,196
174064,115.98333333333333,184
174065,1086.5166666666667,1162
174066,1469.9,1383
174067,1092.65,1414
174068,70.68333333333334,90
174069,128.98333333333332,132
174070,544.3833333333333,625
174071,313.0,371
174072,512.5666666666666,624
174073,63.766666666666666,72
174077,2488.6666666666665,2148
174078,882.4666666666667,1079
174079,2008.0166666666667,2408
174080,2368.633333333333,3173
174081,172.95,333
174082,2.1,18
174083,124.98333333333333,135
174084,1040.9166666666667,1143
174085,1130.75,1632
174086,960.0666666666667,1307
174087,1120.45,1219
174088,140.53333333333333,195
174089,86.36666666666666,113
174092,270.3333333333333,497
174093,1039.6666666666667,1227
174094,185.58333333333334,187
174097,1259.6,896
174098,173.98333333333332,304
174099,361.1,394
174102,0.16666666666666669,4
174103,672.05,791
174104,1618.55,2099
174105,3669.6,5098
174108,3109.116666666667,3321
174109,2488.45,2542
174110,3702.4,3260
174112,396.46666666666664,588
174113,651.3333333333334,541
174114,3068.366666666667,3388
174115,4186.716666666666,3533
174116,3012.7,4098
174117,29.066666666666666,45
174118,2472.616666666667,2793
174119,4960.716666666666,5035
174120,8212.066666666668,9772
174121,4064.6666666666665,3500
174122,3104.95,3097
174124,236.21666666666667,219
174125,7437.533333333334,8004
174126,7049.533333333333,6669
174127,5813.716666666666,6574
174128,112.45,164
174129,463.28333333333336,376
174130,406.8333333333333,695
174131,468.1333333333333,876
174132,983.6,1200
174135,2772.5666666666666,4464
174137,195.68333333333334,327
174140,4046.8166666666666,3684
174143,5342.75,6520
174144,2574.5666666666666,3035
174145,154.55,218
174146,1011.7333333333333,1112
174147,5668.966666666666,6683
174148,1372.2333333333333,1519
174149,6742.433333333333,7953
174150,424.7,462
174151,2201.1,1904
174152,5638.783333333334,6849
174153,105.41666666666667,114
174166,1436.2833333333333,2249
174167,2920.25,3015
174168,565.15,235
174169,3628.8166666666666,3818
174170,1360.95,1825
174174,2435.2,2588
174175,336.21666666666664,484
174176,1246.8,1506
174178,57.56666666666667,41
174180,57.45,66
174182,1.4,4
174183,3589.7166666666667,3044
174184,9262.016666666666,11486
174185,361.8833333333333,455
174186,4079.5666666666666,4382
174187,507.31666666666666,864
174188,8045.9,8992
174189,3369.366666666667,3302
174190,2961.9666666666667,3472
174191,39.3,246
174192,0.3833333333333333,4
174193,1497.85,2054
174194,3379.5833333333335,3774
174196,4730.316666666667,4499
174197,37.88333333333333,45
174201,1875.5166666666667,2173
174202,522.9333333333333,594
174204,0.3,3
174206,1059.05,1142
174207,11.9,12
174210,227.46666666666667,231
174211,552.0666666666667,816
174213,1508.7833333333333,1651
174215,828.4666666666667,903
174216,2.4,5
174217,3063.4,3609
174221,103.4,265
174222,543.2833333333333,496
174224,370.9166666666667,433
174225,1.95,18
174227,4502.666666666667,5115
174228,1288.2833333333333,1949
174229,2105.5833333333335,2252
174230,2255.6833333333334,2541
174231,51.68333333333333,36
174232,11.75,30
174233,1474.45,1650
174234,1538.6833333333334,1708
174235,1135.6333333333332,1309
174236,5228.4,6289
174237,409.6333333333333,551
174238,65.81666666666666,74
174242,4.2,5
174244,16.933333333333334,41
174246,111.9,105
174248,239.66666666666666,300
174249,20.083333333333332,37
174251,1573.4333333333334,1525
174253,0.18333333333333335,4
174254,966.8,888
174255,3177.7166666666667,5530
174256,541.8,700
174257,4812.783333333334,5145
174258,58.166666666666664,60
174260,3659.233333333333,3970
174261,3564.2833333333333,1676
174262,2.4333333333333336,5
174263,413.31666666666666,374
174264,869.4833333333333,470
174266,75.91666666666667,111
174269,578.1666666666666,817
174270,732.15,843
174271,757.2333333333333,890
174272,701.4666666666667,839
174273,692.25,831
174275,580.85,688
174276,149.9,156
174279,1477.5166666666667,1777
174283,189.21666666666667,121
174284,664.25,639
174286,84.25,105
174293,858.1166666666667,588
174294,269.2833333333333,317
174297,5166.883333333333,5385
174298,1884.05,2721
174299,4707.366666666667,4071
174300,4782.833333333333,5510
174301,3420.2666666666664,3855
174305,7850.966666666666,5527
174307,8.066666666666666,12
174311,2643.4333333333334,3155
174312,1388.7666666666667,1537
174313,1637.1,1594
174314,249.18333333333334,290
174315,122.66666666666666,102
174317,300.93333333333334,352
174318,454.45,652
174319,1557.4333333333334,1967
174320,290.18333333333334,389
174321,4313.033333333334,4637
174322,3974.3166666666666,4051
174323,165.95,99
174324,727.0166666666667,764
174325,2462.5666666666666,2609
174326,6186.166666666667,4235
174327,113.56666666666666,124
174333,97.58333333333333,245
174334,1.9333333333333333,6
174337,5.3,8
174338,3.183333333333333,6
174340,826.05,872
174346,273.1,334
174347,260.98333333333335,377
174351,1671.6,2258
174353,6.016666666666667,16
174361,96.21666666666667,122
174364,29.78333333333333,49
174372,354.8666666666667,342
174373,1400.3833333333332,853
174374,70.83333333333333,63
174375,17.2,22
174377,129.75,136
174378,0.0,1
174379,176.65,212
174380,9.75,18
174381,6130.95,6075
174382,200.26666666666668,250
174383,268.96666666666664,285
174406,420.7,448
174407,187.03333333333333,586
174408,1285.0,1458
174409,2773.483333333333,2796
174410,91.61666666666666,129
174412,386.4166666666667,523
174414,5232.966666666666,6320
174415,1192.7833333333333,1346
174416,1017.95,1295
174417,1128.2166666666667,1261
174418,1845.7333333333333,2292
174419,1746.1,2031
174420,3085.25,3934
174421,3719.5666666666666,4019
174422,6705.9,8382
174423,2552.5,1599
174424,680.2833333333333,678
174425,6910.316666666667,7896
174426,3530.4,3977
174427,3561.2666666666664,4088
174428,6845.933333333333,7678
174429,6134.316666666667,5285
174430,579.35,561
174431,3042.1666666666665,3914
174433,179.96666666666667,157
174435,1088.3666666666666,1119
174436,2025.8166666666666,2363
174437,0.7166666666666666,4
174438,8359.783333333333,10195
174439,446.65,600
174440,549.1,608
174441,2417.516666666667,3506
174447,130.35,144
174448,38.5,36
174449,3822.6833333333334,2449
174450,1478.0,2010
174453,2144.25,2166
174458,4435.35,4776
174461,378.56666666666666,544
174462,3492.7833333333333,4307
174464,1434.5166666666667,1390
174465,10.15,14
174467,208.78333333333333,298
174468,488.51666666666665,533
174469,1991.9,2170
174470,2227.2833333333333,2796
174471,1593.8166666666666,1497
174472,2128.0333333333333,1976
174474,848.5166666666667,690
174475,6.333333333333333,17
174476,435.8666666666667,351
174478,35.983333333333334,42
174479,1.1,4
174483,0.6499999999999999,4
174486,4207.516666666666,5128
174487,1273.2833333333333,1511
174488,1.9833333333333334,9
174489,1945.5166666666667,1959
174490,753.1333333333333,847
174492,1876.0666666666666,2139
174493,1570.7,1844
174494,859.5833333333334,1051
174495,2823.6666666666665,4133
174496,545.7166666666666,195
174497,2237.2166666666667,2338
174499,848.7666666666667,1191
174500,10.1,21
174501,280.7,367
174503,727.05,863
174504,910.3166666666667,1531
174507,267.46666666666664,720
174508,1760.4333333333334,1281
174510,406.1,380
174511,435.56666666666666,522
174512,7.333333333333333,18
174513,23.683333333333334,37
174514,96.11666666666666,124
174515,2578.5,2915
174518,75.21666666666667,108
174519,4146.683333333333,4934
174520,261.05,312
174521,140.1,169
174522,144.96666666666667,174
174523,4.816666666666666,10
174524,57.3,85
174526,95.81666666666666,164
174527,607.6666666666666,277
174528,8.083333333333334,46
174529,889.0833333333334,2398
174530,37.25,55
174531,102.48333333333333,81
174532,1287.6166666666666,1486
174533,1018.0666666666666,1060
174535,524.8833333333333,454
174536,0.5333333333333333,2
174542,0.3833333333333333,3
174544,8.45,11
174545,341.8833333333333,384
174547,1065.05,1014
174549,2118.6666666666665,2321
174550,289.15,275
174551,1.55,6
174552,16.05,17
174568,15.916666666666666,34
174574,2776.8,3255
174576,23.450000000000003,13
174577,276.1666666666667,218
174580,789.0166666666667,915
174581,764.9333333333333,904
174582,917.3333333333334,1066
174583,916.5166666666667,1063
174584,891.0833333333334,1034
174585,891.3666666666667,1039
174586,77.53333333333333,89
174587,1.0666666666666667,6
174590,1.5166666666666666,6
174592,306.3833333333333,312
174600,0.31666666666666665,2
174601,1.0333333333333334,5
